id,label
2.jpg,0
4.jpg,0
5.jpg,0
7.jpg,0
8.jpg,0
12.jpg,0
13.jpg,0
14.jpg,0
17.jpg,0
18.jpg,0
19.jpg,0
20.jpg,0
21.jpg,0
22.jpg,0
23.jpg,0
24.jpg,0
25.jpg,0
26.jpg,0
27.jpg,0
28.jpg,0
31.jpg,0
33.jpg,0
34.jpg,0
35.jpg,0
36.jpg,0
38.jpg,0
40.jpg,0
41.jpg,0
42.jpg,0
43.jpg,0
47.jpg,0
48.jpg,0
49.jpg,0
50.jpg,0
51.jpg,0
52.jpg,0
53.jpg,0
54.jpg,0
55.jpg,0
56.jpg,0
59.jpg,0
61.jpg,0
62.jpg,0
63.jpg,0
64.jpg,0
65.jpg,0
66.jpg,0
67.jpg,0
68.jpg,0
69.jpg,0
71.jpg,0
72.jpg,0
73.jpg,0
74.jpg,0
75.jpg,0
78.jpg,0
80.jpg,0
82.jpg,0
87.jpg,0
91.jpg,0
92.jpg,0
93.jpg,0
94.jpg,0
100.jpg,0
103.jpg,0
105.jpg,0
111.jpg,0
114.jpg,0
115.jpg,0
116.jpg,0
119.jpg,0
120.jpg,0
123.jpg,0
124.jpg,0
126.jpg,0
128.jpg,0
130.jpg,0
131.jpg,0
133.jpg,0
134.jpg,0
135.jpg,0
136.jpg,0
137.jpg,0
139.jpg,0
144.jpg,0
145.jpg,0
146.jpg,0
149.jpg,0
150.jpg,0
151.jpg,0
153.jpg,0
156.jpg,0
157.jpg,0
158.jpg,0
159.jpg,0
161.jpg,0
162.jpg,0
163.jpg,0
164.jpg,0
167.jpg,0
169.jpg,0
170.jpg,0
174.jpg,0
175.jpg,0
178.jpg,0
181.jpg,0
182.jpg,0
183.jpg,0
184.jpg,0
185.jpg,0
186.jpg,0
187.jpg,0
189.jpg,0
192.jpg,0
193.jpg,0
195.jpg,0
198.jpg,0
200.jpg,0
201.jpg,0
203.jpg,0
206.jpg,0
208.jpg,0
210.jpg,0
211.jpg,0
212.jpg,0
213.jpg,0
215.jpg,0
218.jpg,0
219.jpg,0
221.jpg,0
222.jpg,0
223.jpg,0
224.jpg,0
225.jpg,0
226.jpg,0
228.jpg,0
229.jpg,0
230.jpg,0
235.jpg,0
237.jpg,0
239.jpg,0
240.jpg,0
241.jpg,0
243.jpg,0
246.jpg,0
248.jpg,0
249.jpg,0
250.jpg,0
251.jpg,0
252.jpg,0
255.jpg,0
258.jpg,0
260.jpg,0
261.jpg,0
262.jpg,0
263.jpg,0
264.jpg,0
266.jpg,0
268.jpg,0
269.jpg,0
270.jpg,0
274.jpg,0
276.jpg,0
277.jpg,0
278.jpg,0
281.jpg,0
282.jpg,0
283.jpg,0
284.jpg,0
285.jpg,0
286.jpg,0
287.jpg,0
288.jpg,0
289.jpg,0
290.jpg,0
292.jpg,0
296.jpg,0
299.jpg,0
302.jpg,0
303.jpg,0
304.jpg,0
305.jpg,0
307.jpg,0
308.jpg,0
309.jpg,0
310.jpg,0
311.jpg,0
314.jpg,0
315.jpg,0
316.jpg,0
318.jpg,0
321.jpg,0
324.jpg,0
326.jpg,0
331.jpg,0
334.jpg,0
336.jpg,0
337.jpg,0
339.jpg,0
341.jpg,0
342.jpg,0
344.jpg,0
345.jpg,0
346.jpg,0
350.jpg,0
351.jpg,0
352.jpg,0
356.jpg,0
357.jpg,0
358.jpg,0
359.jpg,0
361.jpg,0
362.jpg,0
363.jpg,0
365.jpg,0
366.jpg,0
367.jpg,0
368.jpg,0
371.jpg,0
372.jpg,0
374.jpg,0
376.jpg,0
378.jpg,0
380.jpg,0
381.jpg,0
382.jpg,0
383.jpg,0
386.jpg,0
387.jpg,0
388.jpg,0
394.jpg,0
395.jpg,0
396.jpg,0
397.jpg,0
398.jpg,0
400.jpg,0
403.jpg,0
405.jpg,0
406.jpg,0
408.jpg,0
410.jpg,0
411.jpg,0
412.jpg,0
416.jpg,0
418.jpg,0
419.jpg,0
420.jpg,0
425.jpg,0
426.jpg,0
429.jpg,0
430.jpg,0
431.jpg,0
432.jpg,0
434.jpg,0
435.jpg,0
438.jpg,0
439.jpg,0
441.jpg,0
442.jpg,0
443.jpg,0
445.jpg,0
447.jpg,0
449.jpg,0
450.jpg,0
453.jpg,0
454.jpg,0
455.jpg,0
456.jpg,0
457.jpg,0
458.jpg,0
460.jpg,0
462.jpg,0
464.jpg,0
465.jpg,0
466.jpg,0
467.jpg,0
468.jpg,0
469.jpg,0
470.jpg,0
473.jpg,0
474.jpg,0
475.jpg,0
477.jpg,0
478.jpg,0
481.jpg,0
482.jpg,0
483.jpg,0
484.jpg,0
485.jpg,0
486.jpg,0
487.jpg,0
488.jpg,0
490.jpg,0
491.jpg,0
493.jpg,0
494.jpg,0
495.jpg,0
498.jpg,0
499.jpg,0
504.jpg,0
508.jpg,0
509.jpg,0
511.jpg,0
512.jpg,0
514.jpg,0
515.jpg,0
516.jpg,0
518.jpg,0
522.jpg,0
526.jpg,0
527.jpg,0
529.jpg,0
530.jpg,0
532.jpg,0
535.jpg,0
537.jpg,0
540.jpg,0
541.jpg,0
542.jpg,0
544.jpg,0
545.jpg,0
546.jpg,0
547.jpg,0
548.jpg,0
549.jpg,0
552.jpg,0
554.jpg,0
555.jpg,0
556.jpg,0
558.jpg,0
560.jpg,0
561.jpg,0
562.jpg,0
564.jpg,0
565.jpg,0
566.jpg,0
568.jpg,0
572.jpg,0
573.jpg,0
577.jpg,0
578.jpg,0
579.jpg,0
580.jpg,0
584.jpg,0
585.jpg,0
588.jpg,0
589.jpg,0
590.jpg,0
591.jpg,0
593.jpg,0
594.jpg,0
596.jpg,0
597.jpg,0
599.jpg,0
600.jpg,0
601.jpg,0
603.jpg,0
604.jpg,0
605.jpg,0
608.jpg,0
609.jpg,0
610.jpg,0
613.jpg,0
614.jpg,0
615.jpg,0
617.jpg,0
618.jpg,0
619.jpg,0
620.jpg,0
623.jpg,0
624.jpg,0
628.jpg,0
630.jpg,0
631.jpg,0
633.jpg,0
634.jpg,0
638.jpg,0
639.jpg,0
640.jpg,0
641.jpg,0
642.jpg,0
643.jpg,0
648.jpg,0
649.jpg,0
650.jpg,0
654.jpg,0
656.jpg,0
657.jpg,0
661.jpg,0
662.jpg,0
663.jpg,0
664.jpg,0
665.jpg,0
666.jpg,0
670.jpg,0
673.jpg,0
674.jpg,0
675.jpg,0
676.jpg,0
678.jpg,0
679.jpg,0
680.jpg,0
682.jpg,0
683.jpg,0
684.jpg,0
685.jpg,0
686.jpg,0
687.jpg,0
688.jpg,0
689.jpg,0
691.jpg,0
693.jpg,0
694.jpg,0
695.jpg,0
696.jpg,0
697.jpg,0
698.jpg,0
699.jpg,0
700.jpg,0
702.jpg,0
703.jpg,0
704.jpg,0
707.jpg,0
712.jpg,0
716.jpg,0
717.jpg,0
720.jpg,0
721.jpg,0
723.jpg,0
726.jpg,0
727.jpg,0
728.jpg,0
730.jpg,0
733.jpg,0
734.jpg,0
735.jpg,0
736.jpg,0
737.jpg,0
740.jpg,0
741.jpg,0
744.jpg,0
745.jpg,0
747.jpg,0
749.jpg,0
750.jpg,0
751.jpg,0
753.jpg,0
754.jpg,0
755.jpg,0
757.jpg,0
758.jpg,0
762.jpg,0
764.jpg,0
767.jpg,0
768.jpg,0
770.jpg,0
771.jpg,0
772.jpg,0
774.jpg,0
775.jpg,0
777.jpg,0
778.jpg,0
779.jpg,0
780.jpg,0
781.jpg,0
782.jpg,0
783.jpg,0
787.jpg,0
788.jpg,0
790.jpg,0
793.jpg,0
795.jpg,0
796.jpg,0
797.jpg,0
798.jpg,0
799.jpg,0
800.jpg,0
802.jpg,0
803.jpg,0
804.jpg,0
807.jpg,0
808.jpg,0
810.jpg,0
811.jpg,0
816.jpg,0
818.jpg,0
819.jpg,0
820.jpg,0
821.jpg,0
822.jpg,0
823.jpg,0
824.jpg,0
825.jpg,0
828.jpg,0
829.jpg,0
830.jpg,0
833.jpg,0
834.jpg,0
835.jpg,0
836.jpg,0
837.jpg,0
838.jpg,0
839.jpg,0
840.jpg,0
841.jpg,0
842.jpg,0
843.jpg,0
844.jpg,0
847.jpg,0
848.jpg,0
849.jpg,0
851.jpg,0
853.jpg,0
854.jpg,0
855.jpg,0
857.jpg,0
858.jpg,0
860.jpg,0
861.jpg,0
863.jpg,0
864.jpg,0
865.jpg,0
867.jpg,0
868.jpg,0
870.jpg,0
872.jpg,0
874.jpg,0
876.jpg,0
877.jpg,0
878.jpg,0
879.jpg,0
880.jpg,0
881.jpg,0
884.jpg,0
885.jpg,0
887.jpg,0
889.jpg,0
890.jpg,0
891.jpg,0
892.jpg,0
894.jpg,0
896.jpg,0
898.jpg,0
902.jpg,0
903.jpg,0
904.jpg,0
905.jpg,0
907.jpg,0
908.jpg,0
909.jpg,0
910.jpg,0
914.jpg,0
916.jpg,0
917.jpg,0
918.jpg,0
920.jpg,0
926.jpg,0
927.jpg,0
930.jpg,0
931.jpg,0
932.jpg,0
935.jpg,0
937.jpg,0
938.jpg,0
939.jpg,0
940.jpg,0
941.jpg,0
942.jpg,0
943.jpg,0
945.jpg,0
946.jpg,0
948.jpg,0
949.jpg,0
950.jpg,0
951.jpg,0
952.jpg,0
954.jpg,0
955.jpg,0
956.jpg,0
958.jpg,0
959.jpg,0
964.jpg,0
965.jpg,0
966.jpg,0
967.jpg,0
968.jpg,0
970.jpg,0
971.jpg,0
972.jpg,0
973.jpg,0
974.jpg,0
977.jpg,0
982.jpg,0
984.jpg,0
985.jpg,0
988.jpg,0
991.jpg,0
993.jpg,0
995.jpg,0
998.jpg,0
999.jpg,0
1001.jpg,0
1003.jpg,0
1004.jpg,0
1007.jpg,0
1009.jpg,0
1010.jpg,0
1011.jpg,0
1015.jpg,0
1018.jpg,0
1019.jpg,0
1020.jpg,0
1022.jpg,0
1023.jpg,0
1024.jpg,0
1025.jpg,0
1026.jpg,0
1030.jpg,0
1032.jpg,0
1033.jpg,0
1035.jpg,0
1036.jpg,0
1037.jpg,0
1038.jpg,0
1041.jpg,0
1042.jpg,0
1043.jpg,0
1045.jpg,0
1046.jpg,0
1047.jpg,0
1048.jpg,0
1052.jpg,0
1053.jpg,0
1054.jpg,0
1055.jpg,0
1058.jpg,0
1060.jpg,0
1064.jpg,0
1066.jpg,0
1070.jpg,0
1071.jpg,0
1072.jpg,0
1073.jpg,0
1074.jpg,0
1075.jpg,0
1076.jpg,0
1078.jpg,0
1079.jpg,0
1080.jpg,0
1081.jpg,0
1083.jpg,0
1084.jpg,0
1085.jpg,0
1087.jpg,0
1088.jpg,0
1090.jpg,0
1091.jpg,0
1093.jpg,0
1094.jpg,0
1095.jpg,0
1097.jpg,0
1098.jpg,0
1099.jpg,0
1100.jpg,0
1101.jpg,0
1102.jpg,0
1103.jpg,0
1105.jpg,0
1108.jpg,0
1110.jpg,0
1111.jpg,0
1114.jpg,0
1116.jpg,0
1120.jpg,0
1121.jpg,0
1124.jpg,0
1125.jpg,0
1126.jpg,0
1127.jpg,0
1128.jpg,0
1129.jpg,0
1130.jpg,0
1135.jpg,0
1136.jpg,0
1137.jpg,0
1138.jpg,0
1141.jpg,0
1145.jpg,0
1146.jpg,0
1147.jpg,0
1148.jpg,0
1149.jpg,0
1151.jpg,0
1152.jpg,0
1154.jpg,0
1156.jpg,0
1157.jpg,0
1160.jpg,0
1162.jpg,0
1164.jpg,0
1166.jpg,0
1168.jpg,0
1170.jpg,0
1171.jpg,0
1172.jpg,0
1175.jpg,0
1176.jpg,0
1178.jpg,0
1179.jpg,0
1181.jpg,0
1185.jpg,0
1187.jpg,0
1188.jpg,0
1189.jpg,0
1190.jpg,0
1192.jpg,0
1193.jpg,0
1194.jpg,0
1195.jpg,0
1196.jpg,0
1197.jpg,0
1199.jpg,0
1203.jpg,0
1205.jpg,0
1206.jpg,0
1207.jpg,0
1208.jpg,0
1209.jpg,0
1211.jpg,0
1212.jpg,0
1213.jpg,0
1214.jpg,0
1216.jpg,0
1217.jpg,0
1218.jpg,0
1219.jpg,0
1221.jpg,0
1222.jpg,0
1223.jpg,0
1225.jpg,0
1226.jpg,0
1227.jpg,0
1228.jpg,0
1229.jpg,0
1233.jpg,0
1234.jpg,0
1235.jpg,0
1236.jpg,0
1239.jpg,0
1242.jpg,0
1247.jpg,0
1249.jpg,0
1250.jpg,0
1251.jpg,0
1252.jpg,0
1253.jpg,0
1254.jpg,0
1256.jpg,0
1259.jpg,0
1260.jpg,0
1261.jpg,0
1264.jpg,0
1266.jpg,0
1267.jpg,0
1268.jpg,0
1273.jpg,0
1274.jpg,0
1275.jpg,0
1277.jpg,0
1278.jpg,0
1279.jpg,0
1280.jpg,0
1281.jpg,0
1282.jpg,0
1287.jpg,0
1288.jpg,0
1289.jpg,0
1290.jpg,0
1291.jpg,0
1292.jpg,0
1295.jpg,0
1297.jpg,0
1300.jpg,0
1302.jpg,0
1306.jpg,0
1307.jpg,0
1308.jpg,0
1309.jpg,0
1312.jpg,0
1315.jpg,0
1316.jpg,0
1317.jpg,0
1318.jpg,0
1319.jpg,0
1321.jpg,0
1322.jpg,0
1323.jpg,0
1324.jpg,0
1325.jpg,0
1326.jpg,0
1327.jpg,0
1329.jpg,0
1330.jpg,0
1331.jpg,0
1332.jpg,0
1334.jpg,0
1335.jpg,0
1337.jpg,0
1340.jpg,0
1341.jpg,0
1342.jpg,0
1343.jpg,0
1347.jpg,0
1348.jpg,0
1349.jpg,0
1352.jpg,0
1358.jpg,0
1359.jpg,0
1360.jpg,0
1362.jpg,0
1363.jpg,0
1364.jpg,0
1365.jpg,0
1366.jpg,0
1369.jpg,0
1370.jpg,0
1372.jpg,0
1373.jpg,0
1376.jpg,0
1378.jpg,0
1379.jpg,0
1380.jpg,0
1381.jpg,0
1382.jpg,0
1383.jpg,0
1384.jpg,0
1385.jpg,0
1387.jpg,0
1388.jpg,0
1390.jpg,0
1391.jpg,0
1393.jpg,0
1394.jpg,0
1397.jpg,0
1398.jpg,0
1399.jpg,0
1400.jpg,0
1401.jpg,0
1402.jpg,0
1404.jpg,0
1406.jpg,0
1411.jpg,0
1412.jpg,0
1414.jpg,0
1416.jpg,0
1419.jpg,0
1421.jpg,0
1423.jpg,0
1425.jpg,0
1427.jpg,0
1428.jpg,0
1429.jpg,0
1431.jpg,0
1432.jpg,0
1433.jpg,0
1434.jpg,0
1438.jpg,0
1441.jpg,0
1443.jpg,0
1445.jpg,0
1446.jpg,0
1447.jpg,0
1448.jpg,0
1449.jpg,0
1454.jpg,0
1455.jpg,0
1457.jpg,0
1461.jpg,0
1464.jpg,0
1465.jpg,0
1467.jpg,0
1468.jpg,0
1470.jpg,0
1472.jpg,0
1473.jpg,0
1474.jpg,0
1477.jpg,0
1478.jpg,0
1480.jpg,0
1481.jpg,0
1482.jpg,0
1484.jpg,0
1487.jpg,0
1488.jpg,0
1489.jpg,0
1490.jpg,0
1491.jpg,0
1492.jpg,0
1494.jpg,0
1495.jpg,0
1496.jpg,0
1497.jpg,0
1499.jpg,0
1500.jpg,0
1501.jpg,0
1504.jpg,0
1506.jpg,0
1507.jpg,0
1508.jpg,0
1510.jpg,0
1511.jpg,0
1512.jpg,0
1513.jpg,0
1515.jpg,0
1516.jpg,0
1520.jpg,0
1521.jpg,0
1523.jpg,0
1524.jpg,0
1525.jpg,0
1527.jpg,0
1531.jpg,0
1532.jpg,0
1533.jpg,0
1537.jpg,0
1539.jpg,0
1541.jpg,0
1542.jpg,0
1543.jpg,0
1544.jpg,0
1546.jpg,0
1547.jpg,0
1548.jpg,0
1549.jpg,0
1550.jpg,0
1552.jpg,0
1553.jpg,0
1555.jpg,0
1557.jpg,0
1560.jpg,0
1562.jpg,0
1565.jpg,0
1566.jpg,0
1569.jpg,0
1572.jpg,0
1574.jpg,0
1580.jpg,0
1581.jpg,0
1585.jpg,0
1586.jpg,0
1587.jpg,0
1588.jpg,0
1589.jpg,0
1591.jpg,0
1592.jpg,0
1594.jpg,0
1595.jpg,0
1596.jpg,0
1597.jpg,0
1598.jpg,0
1599.jpg,0
1601.jpg,0
1603.jpg,0
1606.jpg,0
1608.jpg,0
1610.jpg,0
1611.jpg,0
1613.jpg,0
1614.jpg,0
1615.jpg,0
1619.jpg,0
1620.jpg,0
1621.jpg,0
1622.jpg,0
1627.jpg,0
1628.jpg,0
1630.jpg,0
1633.jpg,0
1634.jpg,0
1635.jpg,0
1636.jpg,0
1637.jpg,0
1638.jpg,0
1641.jpg,0
1643.jpg,0
1644.jpg,0
1646.jpg,0
1647.jpg,0
1648.jpg,0
1649.jpg,0
1652.jpg,0
1653.jpg,0
1654.jpg,0
1655.jpg,0
1656.jpg,0
1657.jpg,0
1658.jpg,0
1660.jpg,0
1662.jpg,0
1664.jpg,0
1665.jpg,0
1666.jpg,0
1667.jpg,0
1670.jpg,0
1671.jpg,0
1672.jpg,0
1673.jpg,0
1674.jpg,0
1675.jpg,0
1676.jpg,0
1679.jpg,0
1680.jpg,0
1684.jpg,0
1686.jpg,0
1687.jpg,0
1688.jpg,0
1691.jpg,0
1693.jpg,0
1694.jpg,0
1695.jpg,0
1700.jpg,0
1701.jpg,0
1705.jpg,0
1709.jpg,0
1711.jpg,0
1712.jpg,0
1713.jpg,0
1715.jpg,0
1717.jpg,0
1721.jpg,0
1724.jpg,0
1727.jpg,0
1729.jpg,0
1730.jpg,0
1731.jpg,0
1733.jpg,0
1735.jpg,0
1738.jpg,0
1739.jpg,0
1741.jpg,0
1743.jpg,0
1747.jpg,0
1748.jpg,0
1749.jpg,0
1750.jpg,0
1752.jpg,0
1755.jpg,0
1756.jpg,0
1757.jpg,0
1758.jpg,0
1760.jpg,0
1761.jpg,0
1763.jpg,0
1764.jpg,0
1766.jpg,0
1768.jpg,0
1771.jpg,0
1779.jpg,0
1780.jpg,0
1781.jpg,0
1782.jpg,0
1785.jpg,0
1786.jpg,0
1790.jpg,0
1791.jpg,0
1793.jpg,0
1795.jpg,0
1796.jpg,0
1797.jpg,0
1799.jpg,0
1801.jpg,0
1804.jpg,0
1806.jpg,0
1807.jpg,0
1808.jpg,0
1809.jpg,0
1810.jpg,0
1812.jpg,0
1815.jpg,0
1816.jpg,0
1817.jpg,0
1821.jpg,0
1822.jpg,0
1824.jpg,0
1826.jpg,0
1827.jpg,0
1829.jpg,0
1830.jpg,0
1831.jpg,0
1832.jpg,0
1833.jpg,0
1834.jpg,0
1835.jpg,0
1837.jpg,0
1838.jpg,0
1839.jpg,0
1841.jpg,0
1844.jpg,0
1845.jpg,0
1846.jpg,0
1848.jpg,0
1850.jpg,0
1851.jpg,0
1853.jpg,0
1859.jpg,0
1860.jpg,0
1861.jpg,0
1863.jpg,0
1865.jpg,0
1866.jpg,0
1867.jpg,0
1868.jpg,0
1869.jpg,0
1870.jpg,0
1871.jpg,0
1872.jpg,0
1873.jpg,0
1874.jpg,0
1875.jpg,0
1877.jpg,0
1878.jpg,0
1880.jpg,0
1883.jpg,0
1884.jpg,0
1885.jpg,0
1887.jpg,0
1891.jpg,0
1894.jpg,0
1895.jpg,0
1896.jpg,0
1897.jpg,0
1901.jpg,0
1903.jpg,0
1904.jpg,0
1906.jpg,0
1907.jpg,0
1909.jpg,0
1911.jpg,0
1912.jpg,0
1913.jpg,0
1914.jpg,0
1915.jpg,0
1917.jpg,0
1918.jpg,0
1919.jpg,0
1921.jpg,0
1922.jpg,0
1923.jpg,0
1924.jpg,0
1925.jpg,0
1926.jpg,0
1928.jpg,0
1932.jpg,0
1933.jpg,0
1936.jpg,0
1937.jpg,0
1938.jpg,0
1939.jpg,0
1940.jpg,0
1942.jpg,0
1943.jpg,0
1944.jpg,0
1945.jpg,0
1946.jpg,0
1947.jpg,0
1950.jpg,0
1952.jpg,0
1953.jpg,0
1954.jpg,0
1955.jpg,0
1956.jpg,0
1957.jpg,0
1958.jpg,0
1960.jpg,0
1961.jpg,0
1962.jpg,0
1965.jpg,0
1966.jpg,0
1967.jpg,0
1969.jpg,0
1970.jpg,0
1971.jpg,0
1972.jpg,0
1974.jpg,0
1976.jpg,0
1978.jpg,0
1980.jpg,0
1982.jpg,0
1984.jpg,0
1985.jpg,0
1986.jpg,0
1987.jpg,0
1988.jpg,0
1990.jpg,0
1992.jpg,0
1994.jpg,0
1999.jpg,0
2001.jpg,0
2006.jpg,0
2007.jpg,0
2009.jpg,0
2010.jpg,0
2011.jpg,0
2012.jpg,0
2013.jpg,0
2014.jpg,0
2016.jpg,0
2017.jpg,0
2018.jpg,0
2019.jpg,0
2021.jpg,0
2025.jpg,0
2028.jpg,0
2029.jpg,0
2030.jpg,0
2032.jpg,0
2033.jpg,0
2035.jpg,0
2037.jpg,0
2038.jpg,0
2039.jpg,0
2040.jpg,0
2041.jpg,0
2042.jpg,0
2044.jpg,0
2047.jpg,0
2050.jpg,0
2051.jpg,0
2052.jpg,0
2055.jpg,0
2057.jpg,0
2061.jpg,0
2062.jpg,0
2066.jpg,0
2067.jpg,0
2069.jpg,0
2071.jpg,0
2072.jpg,0
2073.jpg,0
2074.jpg,0
2076.jpg,0
2077.jpg,0
2078.jpg,0
2081.jpg,0
2084.jpg,0
2085.jpg,0
2086.jpg,0
2087.jpg,0
2089.jpg,0
2092.jpg,0
2093.jpg,0
2095.jpg,0
2096.jpg,0
2097.jpg,0
2098.jpg,0
2099.jpg,0
2100.jpg,0
2101.jpg,0
2102.jpg,0
2103.jpg,0
2104.jpg,0
2105.jpg,0
2107.jpg,0
2108.jpg,0
2109.jpg,0
2111.jpg,0
2113.jpg,0
2118.jpg,0
2119.jpg,0
2120.jpg,0
2121.jpg,0
2122.jpg,0
2123.jpg,0
2125.jpg,0
2126.jpg,0
2127.jpg,0
2128.jpg,0
2129.jpg,0
2130.jpg,0
2132.jpg,0
2136.jpg,0
2138.jpg,0
2140.jpg,0
2141.jpg,0
2142.jpg,0
2143.jpg,0
2147.jpg,0
2148.jpg,0
2149.jpg,0
2150.jpg,0
2153.jpg,0
2154.jpg,0
2159.jpg,0
2163.jpg,0
2164.jpg,0
2168.jpg,0
2169.jpg,0
2171.jpg,0
2173.jpg,0
2174.jpg,0
2176.jpg,0
2177.jpg,0
2178.jpg,0
2179.jpg,0
2180.jpg,0
2181.jpg,0
2182.jpg,0
2183.jpg,0
2184.jpg,0
2185.jpg,0
2186.jpg,0
2187.jpg,0
2188.jpg,0
2190.jpg,0
2191.jpg,0
2194.jpg,0
2197.jpg,0
2199.jpg,0
2201.jpg,0
2202.jpg,0
2203.jpg,0
2204.jpg,0
2205.jpg,0
2206.jpg,0
2208.jpg,0
2209.jpg,0
2210.jpg,0
2211.jpg,0
2212.jpg,0
2213.jpg,0
2214.jpg,0
2215.jpg,0
2216.jpg,0
2220.jpg,0
2221.jpg,0
2222.jpg,0
2223.jpg,0
2224.jpg,0
2226.jpg,0
2228.jpg,0
2229.jpg,0
2230.jpg,0
2235.jpg,0
2236.jpg,0
2237.jpg,0
2238.jpg,0
2240.jpg,0
2241.jpg,0
2242.jpg,0
2243.jpg,0
2244.jpg,0
2246.jpg,0
2247.jpg,0
2248.jpg,0
2250.jpg,0
2251.jpg,0
2253.jpg,0
2254.jpg,0
2255.jpg,0
2256.jpg,0
2257.jpg,0
2259.jpg,0
2260.jpg,0
2262.jpg,0
2264.jpg,0
2265.jpg,0
2268.jpg,0
2269.jpg,0
2270.jpg,0
2271.jpg,0
2272.jpg,0
2273.jpg,0
2274.jpg,0
2275.jpg,0
2276.jpg,0
2277.jpg,0
2280.jpg,0
2281.jpg,0
2283.jpg,0
2284.jpg,0
2285.jpg,0
2286.jpg,0
2288.jpg,0
2290.jpg,0
2294.jpg,0
2297.jpg,0
2303.jpg,0
2304.jpg,0
2307.jpg,0
2308.jpg,0
2309.jpg,0
2310.jpg,0
2311.jpg,0
2313.jpg,0
2315.jpg,0
2318.jpg,0
2321.jpg,0
2322.jpg,0
2326.jpg,0
2329.jpg,0
2330.jpg,0
2333.jpg,0
2334.jpg,0
2337.jpg,0
2338.jpg,0
2339.jpg,0
2340.jpg,0
2342.jpg,0
2343.jpg,0
2344.jpg,0
2346.jpg,0
2347.jpg,0
2349.jpg,0
2350.jpg,0
2351.jpg,0
2352.jpg,0
2355.jpg,0
2356.jpg,0
2358.jpg,0
2359.jpg,0
2360.jpg,0
2361.jpg,0
2363.jpg,0
2364.jpg,0
2365.jpg,0
2368.jpg,0
2370.jpg,0
2371.jpg,0
2372.jpg,0
2373.jpg,0
2375.jpg,0
2376.jpg,0
2377.jpg,0
2378.jpg,0
2379.jpg,0
2381.jpg,0
2385.jpg,0
2386.jpg,0
2387.jpg,0
2388.jpg,0
2389.jpg,0
2390.jpg,0
2391.jpg,0
2392.jpg,0
2394.jpg,0
2396.jpg,0
2397.jpg,0
2398.jpg,0
2399.jpg,0
2400.jpg,0
2401.jpg,0
2402.jpg,0
2404.jpg,0
2408.jpg,0
2409.jpg,0
2410.jpg,0
2411.jpg,0
2416.jpg,0
2417.jpg,0
2418.jpg,0
2419.jpg,0
2422.jpg,0
2423.jpg,0
2424.jpg,0
2426.jpg,0
2427.jpg,0
2428.jpg,0
2429.jpg,0
2430.jpg,0
2432.jpg,0
2433.jpg,0
2436.jpg,0
2437.jpg,0
2439.jpg,0
2440.jpg,0
2442.jpg,0
2444.jpg,0
2445.jpg,0
2446.jpg,0
2447.jpg,0
2448.jpg,0
2450.jpg,0
2451.jpg,0
2452.jpg,0
2456.jpg,0
2457.jpg,0
2459.jpg,0
2461.jpg,0
2463.jpg,0
2464.jpg,0
2465.jpg,0
2468.jpg,0
2471.jpg,0
2472.jpg,0
2478.jpg,0
2479.jpg,0
2482.jpg,0
2483.jpg,0
2484.jpg,0
2485.jpg,0
2487.jpg,0
2488.jpg,0
2490.jpg,0
2499.jpg,0
2500.jpg,0
2501.jpg,0
2502.jpg,0
2504.jpg,0
2505.jpg,0
2507.jpg,0
2508.jpg,0
2515.jpg,0
2516.jpg,0
2522.jpg,0
2523.jpg,0
2524.jpg,0
2525.jpg,0
2527.jpg,0
2528.jpg,0
2529.jpg,0
2531.jpg,0
2532.jpg,0
2533.jpg,0
2534.jpg,0
2536.jpg,0
2538.jpg,0
2539.jpg,0
2540.jpg,0
2541.jpg,0
2542.jpg,0
2545.jpg,0
2549.jpg,0
2552.jpg,0
2553.jpg,0
2555.jpg,0
2556.jpg,0
2557.jpg,0
2558.jpg,0
2559.jpg,0
2560.jpg,0
2561.jpg,0
2562.jpg,0
2564.jpg,0
2566.jpg,0
2567.jpg,0
2568.jpg,0
2569.jpg,0
2570.jpg,0
2571.jpg,0
2572.jpg,0
2573.jpg,0
2574.jpg,0
2576.jpg,0
2577.jpg,0
2579.jpg,0
2580.jpg,0
2584.jpg,0
2585.jpg,0
2586.jpg,0
2587.jpg,0
2588.jpg,0
2589.jpg,0
2590.jpg,0
2592.jpg,0
2594.jpg,0
2595.jpg,0
2598.jpg,0
2599.jpg,0
2600.jpg,0
2601.jpg,0
2603.jpg,0
2605.jpg,0
2607.jpg,0
2608.jpg,0
2610.jpg,0
2611.jpg,0
2612.jpg,0
2615.jpg,0
2618.jpg,0
2620.jpg,0
2623.jpg,0
2625.jpg,0
2629.jpg,0
2630.jpg,0
2631.jpg,0
2634.jpg,0
2636.jpg,0
2637.jpg,0
2639.jpg,0
2641.jpg,0
2642.jpg,0
2643.jpg,0
2644.jpg,0
2645.jpg,0
2646.jpg,0
2647.jpg,0
2648.jpg,0
2650.jpg,0
2651.jpg,0
2652.jpg,0
2653.jpg,0
2654.jpg,0
2655.jpg,0
2656.jpg,0
2659.jpg,0
2660.jpg,0
2662.jpg,0
2663.jpg,0
2669.jpg,0
2671.jpg,0
2672.jpg,0
2673.jpg,0
2674.jpg,0
2678.jpg,0
2680.jpg,0
2682.jpg,0
2683.jpg,0
2684.jpg,0
2686.jpg,0
2690.jpg,0
2692.jpg,0
2694.jpg,0
2695.jpg,0
2696.jpg,0
2698.jpg,0
2699.jpg,0
2701.jpg,0
2703.jpg,0
2704.jpg,0
2705.jpg,0
2706.jpg,0
2707.jpg,0
2709.jpg,0
2712.jpg,0
2715.jpg,0
2717.jpg,0
2718.jpg,0
2719.jpg,0
2721.jpg,0
2722.jpg,0
2723.jpg,0
2725.jpg,0
2726.jpg,0
2727.jpg,0
2728.jpg,0
2730.jpg,0
2732.jpg,0
2733.jpg,0
2735.jpg,0
2736.jpg,0
2738.jpg,0
2739.jpg,0
2740.jpg,0
2741.jpg,0
2743.jpg,0
2745.jpg,0
2747.jpg,0
2748.jpg,0
2754.jpg,0
2755.jpg,0
2757.jpg,0
2758.jpg,0
2759.jpg,0
2768.jpg,0
2769.jpg,0
2770.jpg,0
2772.jpg,0
2773.jpg,0
2774.jpg,0
2775.jpg,0
2779.jpg,0
2781.jpg,0
2782.jpg,0
2783.jpg,0
2784.jpg,0
2786.jpg,0
2787.jpg,0
2788.jpg,0
2789.jpg,0
2790.jpg,0
2792.jpg,0
2795.jpg,0
2797.jpg,0
2798.jpg,0
2800.jpg,0
2802.jpg,0
2803.jpg,0
2805.jpg,0
2806.jpg,0
2809.jpg,0
2810.jpg,0
2811.jpg,0
2814.jpg,0
2816.jpg,0
2817.jpg,0
2818.jpg,0
2820.jpg,0
2821.jpg,0
2823.jpg,0
2824.jpg,0
2825.jpg,0
2827.jpg,0
2830.jpg,0
2831.jpg,0
2833.jpg,0
2834.jpg,0
2838.jpg,0
2839.jpg,0
2843.jpg,0
2845.jpg,0
2846.jpg,0
2850.jpg,0
2851.jpg,0
2852.jpg,0
2855.jpg,0
2856.jpg,0
2859.jpg,0
2860.jpg,0
2864.jpg,0
2870.jpg,0
2871.jpg,0
2872.jpg,0
2873.jpg,0
2874.jpg,0
2875.jpg,0
2877.jpg,0
2879.jpg,0
2881.jpg,0
2882.jpg,0
2883.jpg,0
2884.jpg,0
2885.jpg,0
2886.jpg,0
2888.jpg,0
2889.jpg,0
2890.jpg,0
2896.jpg,0
2897.jpg,0
2898.jpg,0
2899.jpg,0
2902.jpg,0
2903.jpg,0
2906.jpg,0
2910.jpg,0
2911.jpg,0
2913.jpg,0
2914.jpg,0
2915.jpg,0
2916.jpg,0
2919.jpg,0
2920.jpg,0
2921.jpg,0
2925.jpg,0
2929.jpg,0
2930.jpg,0
2932.jpg,0
2933.jpg,0
2936.jpg,0
2937.jpg,0
2938.jpg,0
2944.jpg,0
2945.jpg,0
2946.jpg,0
2947.jpg,0
2948.jpg,0
2950.jpg,0
2951.jpg,0
2953.jpg,0
2954.jpg,0
2955.jpg,0
2957.jpg,0
2960.jpg,0
2961.jpg,0
2964.jpg,0
2965.jpg,0
2966.jpg,0
2970.jpg,0
2971.jpg,0
2975.jpg,0
2978.jpg,0
2979.jpg,0
2981.jpg,0
2983.jpg,0
2984.jpg,0
2987.jpg,0
2991.jpg,0
2992.jpg,0
2993.jpg,0
2994.jpg,0
2995.jpg,0
2997.jpg,0
3000.jpg,0
3001.jpg,0
3003.jpg,0
3006.jpg,0
3007.jpg,0
3008.jpg,0
3009.jpg,0
3010.jpg,0
3011.jpg,0
3012.jpg,0
3013.jpg,0
3015.jpg,0
3016.jpg,0
3019.jpg,0
3020.jpg,0
3021.jpg,0
3022.jpg,0
3023.jpg,0
3024.jpg,0
3025.jpg,0
3027.jpg,0
3030.jpg,0
3031.jpg,0
3034.jpg,0
3035.jpg,0
3036.jpg,0
3037.jpg,0
3038.jpg,0
3039.jpg,0
3042.jpg,0
3043.jpg,0
3044.jpg,0
3045.jpg,0
3048.jpg,0
3049.jpg,0
3051.jpg,0
3053.jpg,0
3054.jpg,0
3055.jpg,0
3058.jpg,0
3061.jpg,0
3062.jpg,0
3063.jpg,0
3064.jpg,0
3070.jpg,0
3071.jpg,0
3073.jpg,0
3076.jpg,0
3077.jpg,0
3079.jpg,0
3081.jpg,0
3082.jpg,0
3084.jpg,0
3086.jpg,0
3089.jpg,0
3090.jpg,0
3092.jpg,0
3094.jpg,0
3095.jpg,0
3098.jpg,0
3099.jpg,0
3100.jpg,0
3103.jpg,0
3104.jpg,0
3106.jpg,0
3108.jpg,0
3112.jpg,0
3114.jpg,0
3115.jpg,0
3118.jpg,0
3119.jpg,0
3120.jpg,0
3121.jpg,0
3123.jpg,0
3127.jpg,0
3129.jpg,0
3130.jpg,0
3131.jpg,0
3137.jpg,0
3140.jpg,0
3141.jpg,0
3143.jpg,0
3146.jpg,0
3147.jpg,0
3148.jpg,0
3150.jpg,0
3152.jpg,0
3154.jpg,0
3155.jpg,0
3156.jpg,0
3158.jpg,0
3160.jpg,0
3162.jpg,0
3163.jpg,0
3164.jpg,0
3167.jpg,0
3168.jpg,0
3169.jpg,0
3170.jpg,0
3172.jpg,0
3173.jpg,0
3174.jpg,0
3175.jpg,0
3176.jpg,0
3177.jpg,0
3178.jpg,0
3179.jpg,0
3180.jpg,0
3181.jpg,0
3183.jpg,0
3184.jpg,0
3185.jpg,0
3186.jpg,0
3187.jpg,0
3188.jpg,0
3189.jpg,0
3190.jpg,0
3191.jpg,0
3192.jpg,0
3194.jpg,0
3196.jpg,0
3197.jpg,0
3198.jpg,0
3199.jpg,0
3200.jpg,0
3202.jpg,0
3205.jpg,0
3207.jpg,0
3210.jpg,0
3212.jpg,0
3215.jpg,0
3216.jpg,0
3217.jpg,0
3219.jpg,0
3222.jpg,0
3223.jpg,0
3224.jpg,0
3226.jpg,0
3227.jpg,0
3229.jpg,0
3231.jpg,0
3232.jpg,0
3234.jpg,0
3236.jpg,0
3238.jpg,0
3239.jpg,0
3240.jpg,0
3241.jpg,0
3243.jpg,0
3245.jpg,0
3247.jpg,0
3249.jpg,0
3250.jpg,0
3253.jpg,0
3254.jpg,0
3256.jpg,0
3257.jpg,0
3259.jpg,0
3260.jpg,0
3262.jpg,0
3270.jpg,0
3274.jpg,0
3276.jpg,0
3278.jpg,0
3279.jpg,0
3280.jpg,0
3281.jpg,0
3283.jpg,0
3285.jpg,0
3286.jpg,0
3287.jpg,0
3289.jpg,0
3290.jpg,0
3291.jpg,0
3293.jpg,0
3294.jpg,0
3295.jpg,0
3296.jpg,0
3297.jpg,0
3299.jpg,0
3300.jpg,0
3302.jpg,0
3303.jpg,0
3304.jpg,0
3305.jpg,0
3307.jpg,0
3308.jpg,0
3309.jpg,0
3311.jpg,0
3312.jpg,0
3314.jpg,0
3316.jpg,0
3318.jpg,0
3320.jpg,0
3321.jpg,0
3323.jpg,0
3324.jpg,0
3325.jpg,0
3326.jpg,0
3328.jpg,0
3329.jpg,0
3330.jpg,0
3331.jpg,0
3332.jpg,0
3333.jpg,0
3336.jpg,0
3338.jpg,0
3340.jpg,0
3344.jpg,0
3345.jpg,0
3352.jpg,0
3353.jpg,0
3355.jpg,0
3356.jpg,0
3357.jpg,0
3358.jpg,0
3359.jpg,0
3360.jpg,0
3361.jpg,0
3363.jpg,0
3365.jpg,0
3366.jpg,0
3368.jpg,0
3369.jpg,0
3370.jpg,0
3374.jpg,0
3377.jpg,0
3378.jpg,0
3381.jpg,0
3382.jpg,0
3384.jpg,0
3387.jpg,0
3389.jpg,0
3391.jpg,0
3393.jpg,0
3394.jpg,0
3395.jpg,0
3396.jpg,0
3398.jpg,0
3399.jpg,0
3400.jpg,0
3401.jpg,0
3402.jpg,0
3403.jpg,0
3405.jpg,0
3406.jpg,0
3408.jpg,0
3409.jpg,0
3411.jpg,0
3412.jpg,0
3413.jpg,0
3414.jpg,0
3416.jpg,0
3417.jpg,0
3418.jpg,0
3419.jpg,0
3421.jpg,0
3422.jpg,0
3423.jpg,0
3424.jpg,0
3425.jpg,0
3426.jpg,0
3428.jpg,0
3429.jpg,0
3430.jpg,0
3431.jpg,0
3433.jpg,0
3437.jpg,0
3442.jpg,0
3444.jpg,0
3445.jpg,0
3446.jpg,0
3447.jpg,0
3448.jpg,0
3450.jpg,0
3451.jpg,0
3453.jpg,0
3457.jpg,0
3462.jpg,0
3464.jpg,0
3465.jpg,0
3466.jpg,0
3467.jpg,0
3468.jpg,0
3470.jpg,0
3472.jpg,0
3473.jpg,0
3474.jpg,0
3475.jpg,0
3477.jpg,0
3479.jpg,0
3480.jpg,0
3482.jpg,0
3483.jpg,0
3486.jpg,0
3488.jpg,0
3490.jpg,0
3491.jpg,0
3492.jpg,0
3493.jpg,0
3496.jpg,0
3498.jpg,0
3500.jpg,0
3501.jpg,0
3503.jpg,0
3504.jpg,0
3505.jpg,0
3507.jpg,0
3508.jpg,0
3510.jpg,0
3511.jpg,0
3512.jpg,0
3513.jpg,0
3514.jpg,0
3518.jpg,0
3519.jpg,0
3520.jpg,0
3522.jpg,0
3523.jpg,0
3524.jpg,0
3525.jpg,0
3526.jpg,0
3530.jpg,0
3532.jpg,0
3533.jpg,0
3534.jpg,0
3535.jpg,0
3538.jpg,0
3539.jpg,0
3540.jpg,0
3541.jpg,0
3542.jpg,0
3544.jpg,0
3545.jpg,0
3550.jpg,0
3551.jpg,0
3552.jpg,0
3553.jpg,0
3554.jpg,0
3555.jpg,0
3556.jpg,0
3558.jpg,0
3560.jpg,0
3561.jpg,0
3563.jpg,0
3564.jpg,0
3575.jpg,0
3579.jpg,0
3580.jpg,0
3581.jpg,0
3582.jpg,0
3583.jpg,0
3584.jpg,0
3585.jpg,0
3586.jpg,0
3587.jpg,0
3589.jpg,0
3591.jpg,0
3592.jpg,0
3593.jpg,0
3594.jpg,0
3597.jpg,0
3599.jpg,0
3600.jpg,0
3601.jpg,0
3603.jpg,0
3604.jpg,0
3613.jpg,0
3614.jpg,0
3615.jpg,0
3620.jpg,0
3621.jpg,0
3622.jpg,0
3625.jpg,0
3626.jpg,0
3627.jpg,0
3629.jpg,0
3630.jpg,0
3631.jpg,0
3632.jpg,0
3636.jpg,0
3638.jpg,0
3641.jpg,0
3644.jpg,0
3646.jpg,0
3648.jpg,0
3650.jpg,0
3651.jpg,0
3654.jpg,0
3656.jpg,0
3657.jpg,0
3658.jpg,0
3660.jpg,0
3661.jpg,0
3662.jpg,0
3664.jpg,0
3665.jpg,0
3666.jpg,0
3667.jpg,0
3669.jpg,0
3670.jpg,0
3671.jpg,0
3672.jpg,0
3674.jpg,0
3676.jpg,0
3680.jpg,0
3684.jpg,0
3685.jpg,0
3686.jpg,0
3690.jpg,0
3691.jpg,0
3692.jpg,0
3693.jpg,0
3694.jpg,0
3695.jpg,0
3696.jpg,0
3697.jpg,0
3698.jpg,0
3699.jpg,0
3700.jpg,0
3701.jpg,0
3703.jpg,0
3704.jpg,0
3705.jpg,0
3706.jpg,0
3707.jpg,0
3708.jpg,0
3709.jpg,0
3710.jpg,0
3711.jpg,0
3712.jpg,0
3713.jpg,0
3717.jpg,0
3718.jpg,0
3719.jpg,0
3720.jpg,0
3721.jpg,0
3722.jpg,0
3725.jpg,0
3726.jpg,0
3729.jpg,0
3730.jpg,0
3731.jpg,0
3733.jpg,0
3743.jpg,0
3744.jpg,0
3745.jpg,0
3746.jpg,0
3747.jpg,0
3748.jpg,0
3750.jpg,0
3751.jpg,0
3753.jpg,0
3755.jpg,0
3756.jpg,0
3760.jpg,0
3761.jpg,0
3764.jpg,0
3765.jpg,0
3766.jpg,0
3767.jpg,0
3769.jpg,0
3771.jpg,0
3774.jpg,0
3775.jpg,0
3776.jpg,0
3779.jpg,0
3781.jpg,0
3783.jpg,0
3784.jpg,0
3787.jpg,0
3788.jpg,0
3789.jpg,0
3792.jpg,0
3795.jpg,0
3797.jpg,0
3799.jpg,0
3800.jpg,0
3801.jpg,0
3804.jpg,0
3805.jpg,0
3806.jpg,0
3807.jpg,0
3808.jpg,0
3810.jpg,0
3811.jpg,0
3812.jpg,0
3815.jpg,0
3816.jpg,0
3817.jpg,0
3820.jpg,0
3824.jpg,0
3826.jpg,0
3827.jpg,0
3828.jpg,0
3829.jpg,0
3830.jpg,0
3831.jpg,0
3832.jpg,0
3833.jpg,0
3834.jpg,0
3835.jpg,0
3836.jpg,0
3838.jpg,0
3842.jpg,0
3844.jpg,0
3845.jpg,0
3848.jpg,0
3849.jpg,0
3850.jpg,0
3853.jpg,0
3856.jpg,0
3858.jpg,0
3861.jpg,0
3863.jpg,0
3864.jpg,0
3868.jpg,0
3869.jpg,0
3870.jpg,0
3871.jpg,0
3874.jpg,0
3875.jpg,0
3877.jpg,0
3878.jpg,0
3879.jpg,0
3880.jpg,0
3881.jpg,0
3882.jpg,0
3883.jpg,0
3885.jpg,0
3887.jpg,0
3888.jpg,0
3889.jpg,0
3892.jpg,0
3893.jpg,0
3894.jpg,0
3896.jpg,0
3898.jpg,0
3899.jpg,0
3903.jpg,0
3904.jpg,0
3905.jpg,0
3907.jpg,0
3908.jpg,0
3911.jpg,0
3912.jpg,0
3913.jpg,0
3915.jpg,0
3918.jpg,0
3921.jpg,0
3922.jpg,0
3925.jpg,0
3927.jpg,0
3929.jpg,0
3931.jpg,0
3932.jpg,0
3933.jpg,0
3934.jpg,0
3935.jpg,0
3937.jpg,0
3939.jpg,0
3941.jpg,0
3942.jpg,0
3943.jpg,0
3944.jpg,0
3945.jpg,0
3946.jpg,0
3948.jpg,0
3949.jpg,0
3951.jpg,0
3952.jpg,0
3954.jpg,0
3956.jpg,0
3957.jpg,0
3959.jpg,0
3960.jpg,0
3962.jpg,0
3963.jpg,0
3966.jpg,0
3967.jpg,0
3970.jpg,0
3972.jpg,0
3974.jpg,0
3976.jpg,0
3977.jpg,0
3978.jpg,0
3980.jpg,0
3981.jpg,0
3982.jpg,0
3983.jpg,0
3984.jpg,0
3985.jpg,0
3987.jpg,0
3988.jpg,0
3989.jpg,0
3992.jpg,0
3993.jpg,0
3995.jpg,0
3997.jpg,0
3999.jpg,0
4000.jpg,0
4003.jpg,0
4004.jpg,0
4005.jpg,0
4006.jpg,0
4007.jpg,0
4009.jpg,0
4010.jpg,0
4012.jpg,0
4013.jpg,0
4014.jpg,0
4015.jpg,0
4017.jpg,0
4019.jpg,0
4020.jpg,0
4021.jpg,0
4022.jpg,0
4023.jpg,0
4025.jpg,0
4026.jpg,0
4027.jpg,0
4028.jpg,0
4030.jpg,0
4032.jpg,0
4033.jpg,0
4034.jpg,0
4035.jpg,0
4036.jpg,0
4037.jpg,0
4039.jpg,0
4040.jpg,0
4044.jpg,0
4045.jpg,0
4048.jpg,0
4049.jpg,0
4050.jpg,0
4054.jpg,0
4055.jpg,0
4057.jpg,0
4059.jpg,0
4060.jpg,0
4063.jpg,0
4064.jpg,0
4065.jpg,0
4066.jpg,0
4067.jpg,0
4070.jpg,0
4071.jpg,0
4072.jpg,0
4074.jpg,0
4075.jpg,0
4077.jpg,0
4078.jpg,0
4080.jpg,0
4083.jpg,0
4084.jpg,0
4086.jpg,0
4088.jpg,0
4089.jpg,0
4092.jpg,0
4093.jpg,0
4094.jpg,0
4095.jpg,0
4096.jpg,0
4098.jpg,0
4099.jpg,0
4100.jpg,0
4101.jpg,0
4103.jpg,0
4104.jpg,0
4105.jpg,0
4107.jpg,0
4110.jpg,0
4113.jpg,0
4114.jpg,0
4116.jpg,0
4119.jpg,0
4122.jpg,0
4123.jpg,0
4125.jpg,0
4126.jpg,0
4127.jpg,0
4129.jpg,0
4130.jpg,0
4131.jpg,0
4132.jpg,0
4134.jpg,0
4137.jpg,0
4140.jpg,0
4142.jpg,0
4144.jpg,0
4145.jpg,0
4146.jpg,0
4147.jpg,0
4148.jpg,0
4150.jpg,0
4151.jpg,0
4152.jpg,0
4153.jpg,0
4155.jpg,0
4157.jpg,0
4163.jpg,0
4164.jpg,0
4165.jpg,0
4167.jpg,0
4168.jpg,0
4169.jpg,0
4173.jpg,0
4175.jpg,0
4176.jpg,0
4179.jpg,0
4183.jpg,0
4186.jpg,0
4187.jpg,0
4188.jpg,0
4189.jpg,0
4190.jpg,0
4192.jpg,0
4193.jpg,0
4194.jpg,0
4195.jpg,0
4196.jpg,0
4198.jpg,0
4200.jpg,0
4205.jpg,0
4211.jpg,0
4212.jpg,0
4213.jpg,0
4214.jpg,0
4217.jpg,0
4218.jpg,0
4220.jpg,0
4222.jpg,0
4223.jpg,0
4224.jpg,0
4225.jpg,0
4226.jpg,0
4227.jpg,0
4228.jpg,0
4230.jpg,0
4231.jpg,0
4234.jpg,0
4235.jpg,0
4238.jpg,0
4239.jpg,0
4240.jpg,0
4241.jpg,0
4244.jpg,0
4245.jpg,0
4246.jpg,0
4247.jpg,0
4249.jpg,0
4250.jpg,0
4253.jpg,0
4256.jpg,0
4260.jpg,0
4261.jpg,0
4262.jpg,0
4263.jpg,0
4267.jpg,0
4268.jpg,0
4269.jpg,0
4270.jpg,0
4271.jpg,0
4272.jpg,0
4273.jpg,0
4275.jpg,0
4276.jpg,0
4277.jpg,0
4279.jpg,0
4280.jpg,0
4281.jpg,0
4282.jpg,0
4283.jpg,0
4285.jpg,0
4286.jpg,0
4287.jpg,0
4288.jpg,0
4289.jpg,0
4292.jpg,0
4293.jpg,0
4294.jpg,0
4296.jpg,0
4297.jpg,0
4298.jpg,0
4300.jpg,0
4301.jpg,0
4302.jpg,0
4305.jpg,0
4306.jpg,0
4307.jpg,0
4308.jpg,0
4311.jpg,0
4312.jpg,0
4313.jpg,0
4314.jpg,0
4315.jpg,0
4316.jpg,0
4317.jpg,0
4319.jpg,0
4321.jpg,0
4323.jpg,0
4325.jpg,0
4328.jpg,0
4330.jpg,0
4333.jpg,0
4336.jpg,0
4337.jpg,0
4340.jpg,0
4341.jpg,0
4342.jpg,0
4343.jpg,0
4344.jpg,0
4346.jpg,0
4348.jpg,0
4349.jpg,0
4351.jpg,0
4352.jpg,0
4353.jpg,0
4354.jpg,0
4355.jpg,0
4356.jpg,0
4358.jpg,0
4359.jpg,0
4361.jpg,0
4363.jpg,0
4364.jpg,0
4366.jpg,0
4367.jpg,0
4371.jpg,0
4374.jpg,0
4378.jpg,0
4383.jpg,0
4384.jpg,0
4386.jpg,0
4387.jpg,0
4388.jpg,0
4389.jpg,0
4390.jpg,0
4392.jpg,0
4393.jpg,0
4395.jpg,0
4396.jpg,0
4397.jpg,0
4398.jpg,0
4399.jpg,0
4400.jpg,0
4401.jpg,0
4402.jpg,0
4403.jpg,0
4405.jpg,0
4406.jpg,0
4411.jpg,0
4415.jpg,0
4416.jpg,0
4417.jpg,0
4420.jpg,0
4421.jpg,0
4422.jpg,0
4423.jpg,0
4424.jpg,0
4425.jpg,0
4427.jpg,0
4429.jpg,0
4430.jpg,0
4431.jpg,0
4432.jpg,0
4435.jpg,0
4436.jpg,0
4437.jpg,0
4438.jpg,0
4439.jpg,0
4441.jpg,0
4443.jpg,0
4444.jpg,0
4445.jpg,0
4447.jpg,0
4448.jpg,0
4450.jpg,0
4451.jpg,0
4453.jpg,0
4456.jpg,0
4457.jpg,0
4458.jpg,0
4460.jpg,0
4464.jpg,0
4467.jpg,0
4469.jpg,0
4470.jpg,0
4471.jpg,0
4473.jpg,0
4477.jpg,0
4478.jpg,0
4480.jpg,0
4486.jpg,0
4487.jpg,0
4488.jpg,0
4489.jpg,0
4490.jpg,0
4494.jpg,0
4496.jpg,0
4497.jpg,0
4500.jpg,0
4501.jpg,0
4505.jpg,0
4506.jpg,0
4507.jpg,0
4508.jpg,0
4509.jpg,0
4511.jpg,0
4513.jpg,0
4515.jpg,0
4516.jpg,0
4518.jpg,0
4519.jpg,0
4520.jpg,0
4521.jpg,0
4522.jpg,0
4523.jpg,0
4524.jpg,0
4525.jpg,0
4526.jpg,0
4527.jpg,0
4528.jpg,0
4531.jpg,0
4532.jpg,0
4533.jpg,0
4536.jpg,0
4537.jpg,0
4538.jpg,0
4542.jpg,0
4544.jpg,0
4546.jpg,0
4547.jpg,0
4548.jpg,0
4549.jpg,0
4550.jpg,0
4552.jpg,0
4553.jpg,0
4554.jpg,0
4555.jpg,0
4558.jpg,0
4559.jpg,0
4561.jpg,0
4562.jpg,0
4563.jpg,0
4564.jpg,0
4566.jpg,0
4567.jpg,0
4569.jpg,0
4571.jpg,0
4573.jpg,0
4574.jpg,0
4575.jpg,0
4577.jpg,0
4579.jpg,0
4580.jpg,0
4581.jpg,0
4583.jpg,0
4585.jpg,0
4587.jpg,0
4588.jpg,0
4589.jpg,0
4591.jpg,0
4592.jpg,0
4593.jpg,0
4594.jpg,0
4595.jpg,0
4596.jpg,0
4598.jpg,0
4599.jpg,0
4602.jpg,0
4605.jpg,0
4606.jpg,0
4611.jpg,0
4612.jpg,0
4616.jpg,0
4617.jpg,0
4618.jpg,0
4619.jpg,0
4620.jpg,0
4621.jpg,0
4622.jpg,0
4623.jpg,0
4626.jpg,0
4629.jpg,0
4630.jpg,0
4631.jpg,0
4632.jpg,0
4633.jpg,0
4635.jpg,0
4636.jpg,0
4638.jpg,0
4639.jpg,0
4641.jpg,0
4642.jpg,0
4643.jpg,0
4646.jpg,0
4649.jpg,0
4651.jpg,0
4653.jpg,0
4654.jpg,0
4656.jpg,0
4657.jpg,0
4658.jpg,0
4659.jpg,0
4660.jpg,0
4661.jpg,0
4662.jpg,0
4663.jpg,0
4666.jpg,0
4667.jpg,0
4669.jpg,0
4671.jpg,0
4673.jpg,0
4675.jpg,0
4677.jpg,0
4678.jpg,0
4680.jpg,0
4681.jpg,0
4684.jpg,0
4686.jpg,0
4689.jpg,0
4690.jpg,0
4691.jpg,0
4696.jpg,0
4699.jpg,0
4700.jpg,0
4701.jpg,0
4705.jpg,0
4706.jpg,0
4707.jpg,0
4711.jpg,0
4713.jpg,0
4714.jpg,0
4715.jpg,0
4716.jpg,0
4717.jpg,0
4718.jpg,0
4719.jpg,0
4721.jpg,0
4722.jpg,0
4723.jpg,0
4724.jpg,0
4725.jpg,0
4726.jpg,0
4729.jpg,0
4731.jpg,0
4733.jpg,0
4734.jpg,0
4736.jpg,0
4738.jpg,0
4739.jpg,0
4740.jpg,0
4741.jpg,0
4742.jpg,0
4744.jpg,0
4745.jpg,0
4746.jpg,0
4747.jpg,0
4748.jpg,0
4749.jpg,0
4750.jpg,0
4751.jpg,0
4752.jpg,0
4753.jpg,0
4755.jpg,0
4756.jpg,0
4759.jpg,0
4760.jpg,0
4762.jpg,0
4763.jpg,0
4764.jpg,0
4767.jpg,0
4769.jpg,0
4773.jpg,0
4775.jpg,0
4776.jpg,0
4778.jpg,0
4782.jpg,0
4783.jpg,0
4784.jpg,0
4788.jpg,0
4790.jpg,0
4791.jpg,0
4793.jpg,0
4794.jpg,0
4797.jpg,0
4798.jpg,0
4800.jpg,0
4805.jpg,0
4806.jpg,0
4808.jpg,0
4811.jpg,0
4812.jpg,0
4816.jpg,0
4817.jpg,0
4818.jpg,0
4820.jpg,0
4822.jpg,0
4823.jpg,0
4824.jpg,0
4826.jpg,0
4830.jpg,0
4832.jpg,0
4833.jpg,0
4837.jpg,0
4839.jpg,0
4840.jpg,0
4842.jpg,0
4843.jpg,0
4846.jpg,0
4847.jpg,0
4849.jpg,0
4851.jpg,0
4852.jpg,0
4853.jpg,0
4854.jpg,0
4855.jpg,0
4859.jpg,0
4860.jpg,0
4862.jpg,0
4867.jpg,0
4868.jpg,0
4869.jpg,0
4870.jpg,0
4871.jpg,0
4872.jpg,0
4874.jpg,0
4878.jpg,0
4879.jpg,0
4880.jpg,0
4884.jpg,0
4885.jpg,0
4886.jpg,0
4887.jpg,0
4888.jpg,0
4889.jpg,0
4890.jpg,0
4891.jpg,0
4892.jpg,0
4896.jpg,0
4898.jpg,0
4899.jpg,0
4900.jpg,0
4901.jpg,0
4903.jpg,0
4905.jpg,0
4906.jpg,0
4907.jpg,0
4909.jpg,0
4912.jpg,0
4913.jpg,0
4914.jpg,0
4915.jpg,0
4916.jpg,0
4917.jpg,0
4918.jpg,0
4919.jpg,0
4920.jpg,0
4921.jpg,0
4922.jpg,0
4923.jpg,0
4926.jpg,0
4929.jpg,0
4930.jpg,0
4931.jpg,0
4934.jpg,0
4939.jpg,0
4940.jpg,0
4942.jpg,0
4943.jpg,0
4947.jpg,0
4948.jpg,0
4951.jpg,0
4953.jpg,0
4955.jpg,0
4956.jpg,0
4957.jpg,0
4959.jpg,0
4963.jpg,0
4964.jpg,0
4965.jpg,0
4966.jpg,0
4967.jpg,0
4968.jpg,0
4969.jpg,0
4970.jpg,0
4973.jpg,0
4974.jpg,0
4977.jpg,0
4979.jpg,0
4981.jpg,0
4982.jpg,0
4984.jpg,0
4986.jpg,0
4987.jpg,0
4989.jpg,0
4991.jpg,0
4992.jpg,0
4993.jpg,0
4994.jpg,0
4995.jpg,0
4996.jpg,0
4997.jpg,0
4998.jpg,0
4999.jpg,0
5000.jpg,0
5001.jpg,0
5005.jpg,0
5009.jpg,0
5010.jpg,0
5011.jpg,0
5012.jpg,0
5013.jpg,0
5015.jpg,0
5017.jpg,0
5020.jpg,0
5021.jpg,0
5022.jpg,0
5024.jpg,0
5026.jpg,0
5027.jpg,0
5028.jpg,0
5029.jpg,0
5030.jpg,0
5031.jpg,0
5033.jpg,0
5035.jpg,0
5036.jpg,0
5037.jpg,0
5038.jpg,0
5039.jpg,0
5042.jpg,0
5043.jpg,0
5044.jpg,0
5045.jpg,0
5046.jpg,0
5048.jpg,0
5049.jpg,0
5050.jpg,0
5051.jpg,0
5053.jpg,0
5055.jpg,0
5056.jpg,0
5060.jpg,0
5063.jpg,0
5064.jpg,0
5065.jpg,0
5066.jpg,0
5067.jpg,0
5068.jpg,0
5071.jpg,0
5073.jpg,0
5074.jpg,0
5075.jpg,0
5076.jpg,0
5077.jpg,0
5081.jpg,0
5082.jpg,0
5083.jpg,0
5084.jpg,0
5087.jpg,0
5088.jpg,0
5091.jpg,0
5093.jpg,0
5094.jpg,0
5095.jpg,0
5096.jpg,0
5097.jpg,0
5098.jpg,0
5099.jpg,0
5100.jpg,0
5103.jpg,0
5105.jpg,0
5106.jpg,0
5107.jpg,0
5110.jpg,0
5114.jpg,0
5115.jpg,0
5116.jpg,0
5119.jpg,0
5123.jpg,0
5124.jpg,0
5126.jpg,0
5127.jpg,0
5128.jpg,0
5131.jpg,0
5132.jpg,0
5133.jpg,0
5134.jpg,0
5136.jpg,0
5137.jpg,0
5138.jpg,0
5139.jpg,0
5142.jpg,0
5144.jpg,0
5146.jpg,0
5147.jpg,0
5148.jpg,0
5149.jpg,0
5151.jpg,0
5152.jpg,0
5153.jpg,0
5154.jpg,0
5156.jpg,0
5157.jpg,0
5158.jpg,0
5161.jpg,0
5162.jpg,0
5165.jpg,0
5167.jpg,0
5168.jpg,0
5169.jpg,0
5170.jpg,0
5171.jpg,0
5172.jpg,0
5173.jpg,0
5175.jpg,0
5177.jpg,0
5179.jpg,0
5180.jpg,0
5183.jpg,0
5184.jpg,0
5185.jpg,0
5186.jpg,0
5187.jpg,0
5188.jpg,0
5190.jpg,0
5192.jpg,0
5195.jpg,0
5196.jpg,0
5198.jpg,0
5199.jpg,0
5200.jpg,0
5201.jpg,0
5202.jpg,0
5204.jpg,0
5205.jpg,0
5206.jpg,0
5207.jpg,0
5208.jpg,0
5212.jpg,0
5213.jpg,0
5214.jpg,0
5218.jpg,0
5219.jpg,0
5222.jpg,0
5229.jpg,0
5230.jpg,0
5231.jpg,0
5234.jpg,0
5237.jpg,0
5238.jpg,0
5239.jpg,0
5240.jpg,0
5242.jpg,0
5245.jpg,0
5246.jpg,0
5247.jpg,0
5249.jpg,0
5253.jpg,0
5255.jpg,0
5258.jpg,0
5263.jpg,0
5264.jpg,0
5267.jpg,0
5268.jpg,0
5269.jpg,0
5271.jpg,0
5272.jpg,0
5275.jpg,0
5279.jpg,0
5281.jpg,0
5285.jpg,0
5287.jpg,0
5290.jpg,0
5291.jpg,0
5292.jpg,0
5293.jpg,0
5296.jpg,0
5298.jpg,0
5299.jpg,0
5300.jpg,0
5301.jpg,0
5302.jpg,0
5303.jpg,0
5305.jpg,0
5306.jpg,0
5307.jpg,0
5308.jpg,0
5311.jpg,0
5312.jpg,0
5314.jpg,0
5315.jpg,0
5316.jpg,0
5317.jpg,0
5318.jpg,0
5319.jpg,0
5320.jpg,0
5321.jpg,0
5322.jpg,0
5323.jpg,0
5324.jpg,0
5325.jpg,0
5327.jpg,0
5329.jpg,0
5331.jpg,0
5332.jpg,0
5333.jpg,0
5334.jpg,0
5336.jpg,0
5338.jpg,0
5339.jpg,0
5343.jpg,0
5344.jpg,0
5345.jpg,0
5346.jpg,0
5347.jpg,0
5349.jpg,0
5350.jpg,0
5351.jpg,0
5352.jpg,0
5355.jpg,0
5358.jpg,0
5360.jpg,0
5363.jpg,0
5364.jpg,0
5365.jpg,0
5366.jpg,0
5368.jpg,0
5369.jpg,0
5370.jpg,0
5371.jpg,0
5372.jpg,0
5373.jpg,0
5377.jpg,0
5378.jpg,0
5379.jpg,0
5381.jpg,0
5383.jpg,0
5384.jpg,0
5385.jpg,0
5386.jpg,0
5389.jpg,0
5391.jpg,0
5394.jpg,0
5396.jpg,0
5397.jpg,0
5398.jpg,0
5399.jpg,0
5401.jpg,0
5402.jpg,0
5405.jpg,0
5406.jpg,0
5407.jpg,0
5408.jpg,0
5409.jpg,0
5411.jpg,0
5412.jpg,0
5413.jpg,0
5415.jpg,0
5417.jpg,0
5418.jpg,0
5419.jpg,0
5420.jpg,0
5421.jpg,0
5424.jpg,0
5426.jpg,0
5428.jpg,0
5433.jpg,0
5435.jpg,0
5436.jpg,0
5437.jpg,0
5438.jpg,0
5439.jpg,0
5441.jpg,0
5442.jpg,0
5443.jpg,0
5444.jpg,0
5445.jpg,0
5446.jpg,0
5447.jpg,0
5449.jpg,0
5450.jpg,0
5452.jpg,0
5453.jpg,0
5454.jpg,0
5459.jpg,0
5460.jpg,0
5461.jpg,0
5463.jpg,0
5465.jpg,0
5466.jpg,0
5467.jpg,0
5468.jpg,0
5470.jpg,0
5471.jpg,0
5475.jpg,0
5477.jpg,0
5478.jpg,0
5479.jpg,0
5481.jpg,0
5482.jpg,0
5483.jpg,0
5485.jpg,0
5486.jpg,0
5487.jpg,0
5489.jpg,0
5490.jpg,0
5491.jpg,0
5492.jpg,0
5494.jpg,0
5495.jpg,0
5496.jpg,0
5497.jpg,0
5498.jpg,0
5499.jpg,0
5500.jpg,0
5501.jpg,0
5502.jpg,0
5503.jpg,0
5504.jpg,0
5505.jpg,0
5507.jpg,0
5512.jpg,0
5514.jpg,0
5516.jpg,0
5518.jpg,0
5524.jpg,0
5525.jpg,0
5527.jpg,0
5528.jpg,0
5529.jpg,0
5530.jpg,0
5534.jpg,0
5538.jpg,0
5542.jpg,0
5545.jpg,0
5547.jpg,0
5548.jpg,0
5550.jpg,0
5551.jpg,0
5553.jpg,0
5554.jpg,0
5555.jpg,0
5557.jpg,0
5558.jpg,0
5559.jpg,0
5560.jpg,0
5565.jpg,0
5566.jpg,0
5568.jpg,0
5570.jpg,0
5571.jpg,0
5573.jpg,0
5574.jpg,0
5576.jpg,0
5578.jpg,0
5582.jpg,0
5583.jpg,0
5584.jpg,0
5586.jpg,0
5587.jpg,0
5588.jpg,0
5589.jpg,0
5590.jpg,0
5591.jpg,0
5592.jpg,0
5593.jpg,0
5594.jpg,0
5595.jpg,0
5596.jpg,0
5597.jpg,0
5598.jpg,0
5600.jpg,0
5601.jpg,0
5603.jpg,0
5604.jpg,0
5605.jpg,0
5606.jpg,0
5607.jpg,0
5608.jpg,0
5611.jpg,0
5613.jpg,0
5614.jpg,0
5615.jpg,0
5616.jpg,0
5617.jpg,0
5618.jpg,0
5619.jpg,0
5620.jpg,0
5621.jpg,0
5622.jpg,0
5623.jpg,0
5626.jpg,0
5627.jpg,0
5628.jpg,0
5634.jpg,0
5637.jpg,0
5638.jpg,0
5640.jpg,0
5641.jpg,0
5642.jpg,0
5644.jpg,0
5646.jpg,0
5648.jpg,0
5650.jpg,0
5657.jpg,0
5658.jpg,0
5659.jpg,0
5660.jpg,0
5662.jpg,0
5663.jpg,0
5664.jpg,0
5667.jpg,0
5668.jpg,0
5669.jpg,0
5674.jpg,0
5675.jpg,0
5676.jpg,0
5677.jpg,0
5679.jpg,0
5680.jpg,0
5681.jpg,0
5682.jpg,0
5684.jpg,0
5685.jpg,0
5690.jpg,0
5693.jpg,0
5695.jpg,0
5696.jpg,0
5697.jpg,0
5699.jpg,0
5700.jpg,0
5701.jpg,0
5702.jpg,0
5704.jpg,0
5705.jpg,0
5706.jpg,0
5709.jpg,0
5710.jpg,0
5714.jpg,0
5716.jpg,0
5718.jpg,0
5720.jpg,0
5721.jpg,0
5722.jpg,0
5723.jpg,0
5725.jpg,0
5726.jpg,0
5727.jpg,0
5728.jpg,0
5729.jpg,0
5731.jpg,0
5732.jpg,0
5733.jpg,0
5735.jpg,0
5740.jpg,0
5741.jpg,0
5742.jpg,0
5744.jpg,0
5745.jpg,0
5746.jpg,0
5747.jpg,0
5748.jpg,0
5749.jpg,0
5750.jpg,0
5751.jpg,0
5753.jpg,0
5755.jpg,0
5758.jpg,0
5765.jpg,0
5766.jpg,0
5768.jpg,0
5770.jpg,0
5772.jpg,0
5774.jpg,0
5775.jpg,0
5776.jpg,0
5777.jpg,0
5780.jpg,0
5783.jpg,0
5786.jpg,0
5787.jpg,0
5788.jpg,0
5790.jpg,0
5791.jpg,0
5792.jpg,0
5795.jpg,0
5796.jpg,0
5797.jpg,0
5798.jpg,0
5801.jpg,0
5803.jpg,0
5805.jpg,0
5806.jpg,0
5810.jpg,0
5813.jpg,0
5815.jpg,0
5816.jpg,0
5819.jpg,0
5820.jpg,0
5824.jpg,0
5825.jpg,0
5826.jpg,0
5828.jpg,0
5829.jpg,0
5830.jpg,0
5832.jpg,0
5836.jpg,0
5837.jpg,0
5838.jpg,0
5840.jpg,0
5841.jpg,0
5843.jpg,0
5844.jpg,0
5846.jpg,0
5847.jpg,0
5851.jpg,0
5854.jpg,0
5856.jpg,0
5857.jpg,0
5858.jpg,0
5861.jpg,0
5862.jpg,0
5865.jpg,0
5867.jpg,0
5869.jpg,0
5871.jpg,0
5872.jpg,0
5874.jpg,0
5875.jpg,0
5877.jpg,0
5878.jpg,0
5880.jpg,0
5881.jpg,0
5882.jpg,0
5883.jpg,0
5886.jpg,0
5889.jpg,0
5891.jpg,0
5894.jpg,0
5901.jpg,0
5902.jpg,0
5903.jpg,0
5905.jpg,0
5908.jpg,0
5912.jpg,0
5914.jpg,0
5916.jpg,0
5918.jpg,0
5920.jpg,0
5921.jpg,0
5923.jpg,0
5926.jpg,0
5927.jpg,0
5928.jpg,0
5929.jpg,0
5931.jpg,0
5932.jpg,0
5934.jpg,0
5935.jpg,0
5937.jpg,0
5942.jpg,0
5943.jpg,0
5944.jpg,0
5945.jpg,0
5947.jpg,0
5948.jpg,0
5950.jpg,0
5951.jpg,0
5952.jpg,0
5954.jpg,0
5958.jpg,0
5959.jpg,0
5960.jpg,0
5961.jpg,0
5962.jpg,0
5964.jpg,0
5966.jpg,0
5969.jpg,0
5970.jpg,0
5974.jpg,0
5976.jpg,0
5977.jpg,0
5979.jpg,0
5980.jpg,0
5981.jpg,0
5983.jpg,0
5985.jpg,0
5986.jpg,0
5987.jpg,0
5988.jpg,0
5992.jpg,0
5993.jpg,0
5994.jpg,0
5996.jpg,0
5997.jpg,0
5998.jpg,0
5999.jpg,0
6000.jpg,0
6002.jpg,0
6003.jpg,0
6006.jpg,0
6007.jpg,0
6008.jpg,0
6010.jpg,0
6011.jpg,0
6012.jpg,0
6014.jpg,0
6015.jpg,0
6016.jpg,0
6018.jpg,0
6020.jpg,0
6021.jpg,0
6022.jpg,0
6023.jpg,0
6024.jpg,0
6025.jpg,0
6026.jpg,0
6028.jpg,0
6029.jpg,0
6031.jpg,0
6032.jpg,0
6033.jpg,0
6034.jpg,0
6035.jpg,0
6036.jpg,0
6039.jpg,0
6041.jpg,0
6042.jpg,0
6043.jpg,0
6044.jpg,0
6046.jpg,0
6047.jpg,0
6048.jpg,0
6049.jpg,0
6053.jpg,0
6055.jpg,0
6056.jpg,0
6057.jpg,0
6062.jpg,0
6064.jpg,0
6066.jpg,0
6068.jpg,0
6070.jpg,0
6071.jpg,0
6072.jpg,0
6075.jpg,0
6076.jpg,0
6077.jpg,0
6078.jpg,0
6087.jpg,0
6088.jpg,0
6089.jpg,0
6092.jpg,0
6093.jpg,0
6094.jpg,0
6095.jpg,0
6096.jpg,0
6097.jpg,0
6098.jpg,0
6100.jpg,0
6101.jpg,0
6105.jpg,0
6106.jpg,0
6107.jpg,0
6109.jpg,0
6110.jpg,0
6111.jpg,0
6112.jpg,0
6115.jpg,0
6116.jpg,0
6117.jpg,0
6118.jpg,0
6119.jpg,0
6121.jpg,0
6124.jpg,0
6126.jpg,0
6127.jpg,0
6128.jpg,0
6129.jpg,0
6130.jpg,0
6133.jpg,0
6135.jpg,0
6137.jpg,0
6139.jpg,0
6141.jpg,0
6142.jpg,0
6143.jpg,0
6145.jpg,0
6148.jpg,0
6150.jpg,0
6152.jpg,0
6153.jpg,0
6154.jpg,0
6157.jpg,0
6160.jpg,0
6161.jpg,0
6162.jpg,0
6164.jpg,0
6165.jpg,0
6166.jpg,0
6167.jpg,0
6171.jpg,0
6173.jpg,0
6174.jpg,0
6175.jpg,0
6176.jpg,0
6177.jpg,0
6179.jpg,0
6181.jpg,0
6183.jpg,0
6184.jpg,0
6185.jpg,0
6186.jpg,0
6187.jpg,0
6191.jpg,0
6193.jpg,0
6195.jpg,0
6199.jpg,0
6200.jpg,0
6201.jpg,0
6202.jpg,0
6204.jpg,0
6205.jpg,0
6208.jpg,0
6209.jpg,0
6210.jpg,0
6211.jpg,0
6213.jpg,0
6215.jpg,0
6216.jpg,0
6218.jpg,0
6220.jpg,0
6221.jpg,0
6222.jpg,0
6224.jpg,0
6227.jpg,0
6236.jpg,0
6237.jpg,0
6238.jpg,0
6239.jpg,0
6240.jpg,0
6241.jpg,0
6242.jpg,0
6243.jpg,0
6244.jpg,0
6247.jpg,0
6248.jpg,0
6250.jpg,0
6252.jpg,0
6254.jpg,0
6255.jpg,0
6256.jpg,0
6257.jpg,0
6258.jpg,0
6259.jpg,0
6260.jpg,0
6261.jpg,0
6262.jpg,0
6263.jpg,0
6264.jpg,0
6265.jpg,0
6266.jpg,0
6267.jpg,0
6268.jpg,0
6269.jpg,0
6270.jpg,0
6271.jpg,0
6273.jpg,0
6274.jpg,0
6278.jpg,0
6279.jpg,0
6280.jpg,0
6281.jpg,0
6286.jpg,0
6290.jpg,0
6292.jpg,0
6297.jpg,0
6299.jpg,0
6302.jpg,0
6303.jpg,0
6305.jpg,0
6308.jpg,0
6309.jpg,0
6311.jpg,0
6313.jpg,0
6314.jpg,0
6316.jpg,0
6317.jpg,0
6318.jpg,0
6320.jpg,0
6324.jpg,0
6325.jpg,0
6326.jpg,0
6327.jpg,0
6328.jpg,0
6329.jpg,0
6330.jpg,0
6331.jpg,0
6333.jpg,0
6335.jpg,0
6341.jpg,0
6342.jpg,0
6344.jpg,0
6345.jpg,0
6346.jpg,0
6347.jpg,0
6348.jpg,0
6349.jpg,0
6353.jpg,0
6358.jpg,0
6362.jpg,0
6363.jpg,0
6366.jpg,0
6367.jpg,0
6368.jpg,0
6372.jpg,0
6374.jpg,0
6375.jpg,0
6376.jpg,0
6379.jpg,0
6383.jpg,0
6388.jpg,0
6389.jpg,0
6390.jpg,0
6393.jpg,0
6396.jpg,0
6397.jpg,0
6399.jpg,0
6400.jpg,0
6403.jpg,0
6404.jpg,0
6405.jpg,0
6407.jpg,0
6409.jpg,0
6411.jpg,0
6412.jpg,0
6413.jpg,0
6414.jpg,0
6416.jpg,0
6419.jpg,0
6420.jpg,0
6422.jpg,0
6425.jpg,0
6428.jpg,0
6431.jpg,0
6433.jpg,0
6434.jpg,0
6435.jpg,0
6437.jpg,0
6440.jpg,0
6442.jpg,0
6443.jpg,0
6445.jpg,0
6446.jpg,0
6447.jpg,0
6453.jpg,0
6455.jpg,0
6456.jpg,0
6458.jpg,0
6459.jpg,0
6461.jpg,0
6462.jpg,0
6463.jpg,0
6466.jpg,0
6467.jpg,0
6471.jpg,0
6472.jpg,0
6473.jpg,0
6476.jpg,0
6479.jpg,0
6482.jpg,0
6483.jpg,0
6484.jpg,0
6485.jpg,0
6486.jpg,0
6491.jpg,0
6492.jpg,0
6493.jpg,0
6495.jpg,0
6499.jpg,0
6500.jpg,0
6502.jpg,0
6503.jpg,0
6504.jpg,0
6505.jpg,0
6506.jpg,0
6507.jpg,0
6508.jpg,0
6510.jpg,0
6512.jpg,0
6514.jpg,0
6515.jpg,0
6516.jpg,0
6517.jpg,0
6518.jpg,0
6519.jpg,0
6522.jpg,0
6525.jpg,0
6526.jpg,0
6529.jpg,0
6532.jpg,0
6533.jpg,0
6534.jpg,0
6535.jpg,0
6537.jpg,0
6539.jpg,0
6540.jpg,0
6543.jpg,0
6544.jpg,0
6545.jpg,0
6546.jpg,0
6549.jpg,0
6551.jpg,0
6552.jpg,0
6553.jpg,0
6554.jpg,0
6555.jpg,0
6556.jpg,0
6558.jpg,0
6560.jpg,0
6561.jpg,0
6562.jpg,0
6564.jpg,0
6565.jpg,0
6568.jpg,0
6569.jpg,0
6570.jpg,0
6573.jpg,0
6574.jpg,0
6575.jpg,0
6577.jpg,0
6579.jpg,0
6580.jpg,0
6583.jpg,0
6584.jpg,0
6585.jpg,0
6587.jpg,0
6588.jpg,0
6589.jpg,0
6591.jpg,0
6592.jpg,0
6593.jpg,0
6594.jpg,0
6595.jpg,0
6597.jpg,0
6599.jpg,0
6601.jpg,0
6602.jpg,0
6603.jpg,0
6604.jpg,0
6605.jpg,0
6606.jpg,0
6607.jpg,0
6609.jpg,0
6610.jpg,0
6614.jpg,0
6616.jpg,0
6617.jpg,0
6620.jpg,0
6621.jpg,0
6623.jpg,0
6625.jpg,0
6626.jpg,0
6627.jpg,0
6632.jpg,0
6633.jpg,0
6635.jpg,0
6637.jpg,0
6638.jpg,0
6639.jpg,0
6640.jpg,0
6646.jpg,0
6647.jpg,0
6648.jpg,0
6649.jpg,0
6650.jpg,0
6651.jpg,0
6653.jpg,0
6654.jpg,0
6655.jpg,0
6656.jpg,0
6657.jpg,0
6658.jpg,0
6659.jpg,0
6663.jpg,0
6664.jpg,0
6667.jpg,0
6669.jpg,0
6670.jpg,0
6671.jpg,0
6672.jpg,0
6673.jpg,0
6674.jpg,0
6675.jpg,0
6677.jpg,0
6678.jpg,0
6679.jpg,0
6682.jpg,0
6684.jpg,0
6685.jpg,0
6688.jpg,0
6690.jpg,0
6692.jpg,0
6693.jpg,0
6694.jpg,0
6697.jpg,0
6704.jpg,0
6705.jpg,0
6706.jpg,0
6707.jpg,0
6709.jpg,0
6711.jpg,0
6714.jpg,0
6715.jpg,0
6716.jpg,0
6717.jpg,0
6719.jpg,0
6723.jpg,0
6725.jpg,0
6726.jpg,0
6729.jpg,0
6731.jpg,0
6732.jpg,0
6734.jpg,0
6736.jpg,0
6740.jpg,0
6742.jpg,0
6743.jpg,0
6744.jpg,0
6745.jpg,0
6747.jpg,0
6748.jpg,0
6749.jpg,0
6752.jpg,0
6753.jpg,0
6754.jpg,0
6755.jpg,0
6756.jpg,0
6758.jpg,0
6760.jpg,0
6761.jpg,0
6762.jpg,0
6763.jpg,0
6768.jpg,0
6769.jpg,0
6770.jpg,0
6771.jpg,0
6773.jpg,0
6774.jpg,0
6775.jpg,0
6776.jpg,0
6777.jpg,0
6782.jpg,0
6784.jpg,0
6785.jpg,0
6786.jpg,0
6787.jpg,0
6793.jpg,0
6794.jpg,0
6798.jpg,0
6801.jpg,0
6808.jpg,0
6809.jpg,0
6811.jpg,0
6812.jpg,0
6813.jpg,0
6814.jpg,0
6816.jpg,0
6817.jpg,0
6818.jpg,0
6819.jpg,0
6820.jpg,0
6821.jpg,0
6822.jpg,0
6823.jpg,0
6824.jpg,0
6825.jpg,0
6828.jpg,0
6829.jpg,0
6830.jpg,0
6831.jpg,0
6832.jpg,0
6833.jpg,0
6836.jpg,0
6837.jpg,0
6838.jpg,0
6839.jpg,0
6842.jpg,0
6844.jpg,0
6845.jpg,0
6846.jpg,0
6847.jpg,0
6849.jpg,0
6850.jpg,0
6853.jpg,0
6854.jpg,0
6857.jpg,0
6859.jpg,0
6861.jpg,0
6862.jpg,0
6863.jpg,0
6871.jpg,0
6872.jpg,0
6873.jpg,0
6874.jpg,0
6875.jpg,0
6879.jpg,0
6881.jpg,0
6882.jpg,0
6885.jpg,0
6888.jpg,0
6889.jpg,0
6890.jpg,0
6891.jpg,0
6894.jpg,0
6895.jpg,0
6896.jpg,0
6898.jpg,0
6899.jpg,0
6900.jpg,0
6901.jpg,0
6902.jpg,0
6903.jpg,0
6906.jpg,0
6907.jpg,0
6908.jpg,0
6912.jpg,0
6913.jpg,0
6914.jpg,0
6915.jpg,0
6917.jpg,0
6918.jpg,0
6922.jpg,0
6923.jpg,0
6924.jpg,0
6925.jpg,0
6926.jpg,0
6928.jpg,0
6929.jpg,0
6932.jpg,0
6934.jpg,0
6935.jpg,0
6936.jpg,0
6937.jpg,0
6939.jpg,0
6941.jpg,0
6944.jpg,0
6945.jpg,0
6946.jpg,0
6947.jpg,0
6948.jpg,0
6951.jpg,0
6952.jpg,0
6953.jpg,0
6955.jpg,0
6956.jpg,0
6957.jpg,0
6959.jpg,0
6962.jpg,0
6963.jpg,0
6965.jpg,0
6966.jpg,0
6967.jpg,0
6968.jpg,0
6969.jpg,0
6970.jpg,0
6973.jpg,0
6975.jpg,0
6976.jpg,0
6977.jpg,0
6978.jpg,0
6979.jpg,0
6982.jpg,0
6986.jpg,0
6987.jpg,0
6988.jpg,0
6991.jpg,0
6992.jpg,0
6994.jpg,0
6995.jpg,0
6996.jpg,0
6997.jpg,0
6998.jpg,0
7000.jpg,0
7001.jpg,0
7002.jpg,0
7003.jpg,0
7004.jpg,0
7005.jpg,0
7006.jpg,0
7007.jpg,0
7009.jpg,0
7010.jpg,0
7011.jpg,0
7012.jpg,0
7014.jpg,0
7015.jpg,0
7016.jpg,0
7017.jpg,0
7018.jpg,0
7020.jpg,0
7022.jpg,0
7023.jpg,0
7025.jpg,0
7026.jpg,0
7027.jpg,0
7028.jpg,0
7029.jpg,0
7030.jpg,0
7032.jpg,0
7034.jpg,0
7035.jpg,0
7036.jpg,0
7037.jpg,0
7038.jpg,0
7039.jpg,0
7040.jpg,0
7041.jpg,0
7042.jpg,0
7045.jpg,0
7046.jpg,0
7048.jpg,0
7049.jpg,0
7051.jpg,0
7052.jpg,0
7054.jpg,0
7057.jpg,0
7058.jpg,0
7059.jpg,0
7061.jpg,0
7063.jpg,0
7064.jpg,0
7065.jpg,0
7066.jpg,0
7067.jpg,0
7068.jpg,0
7070.jpg,0
7072.jpg,0
7073.jpg,0
7075.jpg,0
7077.jpg,0
7079.jpg,0
7080.jpg,0
7082.jpg,0
7084.jpg,0
7085.jpg,0
7086.jpg,0
7087.jpg,0
7089.jpg,0
7090.jpg,0
7091.jpg,0
7092.jpg,0
7094.jpg,0
7099.jpg,0
7100.jpg,0
7101.jpg,0
7102.jpg,0
7103.jpg,0
7104.jpg,0
7106.jpg,0
7108.jpg,0
7110.jpg,0
7113.jpg,0
7114.jpg,0
7119.jpg,0
7121.jpg,0
7123.jpg,0
7126.jpg,0
7127.jpg,0
7133.jpg,0
7134.jpg,0
7135.jpg,0
7136.jpg,0
7137.jpg,0
7138.jpg,0
7140.jpg,0
7141.jpg,0
7143.jpg,0
7144.jpg,0
7146.jpg,0
7147.jpg,0
7149.jpg,0
7150.jpg,0
7151.jpg,0
7152.jpg,0
7153.jpg,0
7154.jpg,0
7156.jpg,0
7157.jpg,0
7159.jpg,0
7161.jpg,0
7162.jpg,0
7163.jpg,0
7164.jpg,0
7165.jpg,0
7166.jpg,0
7168.jpg,0
7169.jpg,0
7170.jpg,0
7171.jpg,0
7172.jpg,0
7173.jpg,0
7174.jpg,0
7175.jpg,0
7176.jpg,0
7177.jpg,0
7178.jpg,0
7179.jpg,0
7180.jpg,0
7181.jpg,0
7182.jpg,0
7183.jpg,0
7184.jpg,0
7187.jpg,0
7189.jpg,0
7190.jpg,0
7193.jpg,0
7197.jpg,0
7199.jpg,0
7200.jpg,0
7201.jpg,0
7203.jpg,0
7204.jpg,0
7208.jpg,0
7210.jpg,0
7211.jpg,0
7212.jpg,0
7213.jpg,0
7214.jpg,0
7215.jpg,0
7216.jpg,0
7218.jpg,0
7219.jpg,0
7220.jpg,0
7221.jpg,0
7222.jpg,0
7226.jpg,0
7227.jpg,0
7229.jpg,0
7231.jpg,0
7232.jpg,0
7233.jpg,0
7234.jpg,0
7235.jpg,0
7237.jpg,0
7238.jpg,0
7239.jpg,0
7240.jpg,0
7242.jpg,0
7245.jpg,0
7246.jpg,0
7247.jpg,0
7248.jpg,0
7249.jpg,0
7252.jpg,0
7253.jpg,0
7255.jpg,0
7256.jpg,0
7259.jpg,0
7261.jpg,0
7263.jpg,0
7264.jpg,0
7265.jpg,0
7268.jpg,0
7271.jpg,0
7272.jpg,0
7273.jpg,0
7274.jpg,0
7275.jpg,0
7277.jpg,0
7278.jpg,0
7279.jpg,0
7280.jpg,0
7285.jpg,0
7286.jpg,0
7287.jpg,0
7290.jpg,0
7293.jpg,0
7294.jpg,0
7295.jpg,0
7298.jpg,0
7301.jpg,0
7303.jpg,0
7304.jpg,0
7306.jpg,0
7309.jpg,0
7310.jpg,0
7311.jpg,0
7312.jpg,0
7316.jpg,0
7318.jpg,0
7319.jpg,0
7320.jpg,0
7323.jpg,0
7324.jpg,0
7326.jpg,0
7327.jpg,0
7328.jpg,0
7329.jpg,0
7334.jpg,0
7338.jpg,0
7339.jpg,0
7340.jpg,0
7341.jpg,0
7342.jpg,0
7344.jpg,0
7345.jpg,0
7346.jpg,0
7347.jpg,0
7348.jpg,0
7349.jpg,0
7351.jpg,0
7352.jpg,0
7353.jpg,0
7354.jpg,0
7355.jpg,0
7356.jpg,0
7359.jpg,0
7360.jpg,0
7361.jpg,0
7364.jpg,0
7365.jpg,0
7367.jpg,0
7368.jpg,0
7369.jpg,0
7371.jpg,0
7372.jpg,0
7375.jpg,0
7376.jpg,0
7377.jpg,0
7382.jpg,0
7383.jpg,0
7385.jpg,0
7386.jpg,0
7387.jpg,0
7388.jpg,0
7389.jpg,0
7391.jpg,0
7392.jpg,0
7393.jpg,0
7394.jpg,0
7395.jpg,0
7396.jpg,0
7397.jpg,0
7398.jpg,0
7400.jpg,0
7401.jpg,0
7402.jpg,0
7403.jpg,0
7405.jpg,0
7406.jpg,0
7408.jpg,0
7409.jpg,0
7410.jpg,0
7411.jpg,0
7413.jpg,0
7414.jpg,0
7415.jpg,0
7416.jpg,0
7417.jpg,0
7418.jpg,0
7422.jpg,0
7423.jpg,0
7424.jpg,0
7429.jpg,0
7432.jpg,0
7435.jpg,0
7436.jpg,0
7438.jpg,0
7439.jpg,0
7440.jpg,0
7441.jpg,0
7443.jpg,0
7444.jpg,0
7446.jpg,0
7447.jpg,0
7448.jpg,0
7451.jpg,0
7454.jpg,0
7456.jpg,0
7459.jpg,0
7460.jpg,0
7464.jpg,0
7466.jpg,0
7467.jpg,0
7468.jpg,0
7469.jpg,0
7471.jpg,0
7473.jpg,0
7476.jpg,0
7477.jpg,0
7478.jpg,0
7480.jpg,0
7481.jpg,0
7482.jpg,0
7484.jpg,0
7485.jpg,0
7486.jpg,0
7489.jpg,0
7491.jpg,0
7494.jpg,0
7496.jpg,0
7499.jpg,0
7500.jpg,0
7501.jpg,0
7502.jpg,0
7504.jpg,0
7506.jpg,0
7508.jpg,0
7509.jpg,0
7510.jpg,0
7513.jpg,0
7515.jpg,0
7517.jpg,0
7522.jpg,0
7525.jpg,0
7528.jpg,0
7530.jpg,0
7531.jpg,0
7532.jpg,0
7533.jpg,0
7534.jpg,0
7536.jpg,0
7537.jpg,0
7538.jpg,0
7540.jpg,0
7541.jpg,0
7542.jpg,0
7546.jpg,0
7552.jpg,0
7553.jpg,0
7554.jpg,0
7555.jpg,0
7556.jpg,0
7557.jpg,0
7558.jpg,0
7559.jpg,0
7561.jpg,0
7564.jpg,0
7566.jpg,0
7569.jpg,0
7571.jpg,0
7572.jpg,0
7574.jpg,0
7576.jpg,0
7577.jpg,0
7578.jpg,0
7579.jpg,0
7581.jpg,0
7582.jpg,0
7583.jpg,0
7584.jpg,0
7585.jpg,0
7587.jpg,0
7588.jpg,0
7589.jpg,0
7590.jpg,0
7591.jpg,0
7592.jpg,0
7595.jpg,0
7596.jpg,0
7598.jpg,0
7599.jpg,0
7600.jpg,0
7601.jpg,0
7603.jpg,0
7605.jpg,0
7607.jpg,0
7608.jpg,0
7610.jpg,0
7611.jpg,0
7612.jpg,0
7616.jpg,0
7617.jpg,0
7618.jpg,0
7619.jpg,0
7620.jpg,0
7622.jpg,0
7623.jpg,0
7625.jpg,0
7627.jpg,0
7628.jpg,0
7629.jpg,0
7631.jpg,0
7634.jpg,0
7635.jpg,0
7638.jpg,0
7643.jpg,0
7645.jpg,0
7646.jpg,0
7647.jpg,0
7648.jpg,0
7650.jpg,0
7651.jpg,0
7652.jpg,0
7654.jpg,0
7655.jpg,0
7656.jpg,0
7657.jpg,0
7661.jpg,0
7662.jpg,0
7664.jpg,0
7665.jpg,0
7668.jpg,0
7669.jpg,0
7671.jpg,0
7672.jpg,0
7675.jpg,0
7679.jpg,0
7680.jpg,0
7681.jpg,0
7682.jpg,0
7684.jpg,0
7690.jpg,0
7691.jpg,0
7692.jpg,0
7693.jpg,0
7694.jpg,0
7695.jpg,0
7697.jpg,0
7698.jpg,0
7702.jpg,0
7703.jpg,0
7706.jpg,0
7707.jpg,0
7711.jpg,0
7713.jpg,0
7715.jpg,0
7718.jpg,0
7719.jpg,0
7721.jpg,0
7722.jpg,0
7724.jpg,0
7730.jpg,0
7732.jpg,0
7733.jpg,0
7735.jpg,0
7737.jpg,0
7738.jpg,0
7742.jpg,0
7746.jpg,0
7747.jpg,0
7751.jpg,0
7752.jpg,0
7754.jpg,0
7755.jpg,0
7757.jpg,0
7758.jpg,0
7759.jpg,0
7763.jpg,0
7764.jpg,0
7768.jpg,0
7769.jpg,0
7770.jpg,0
7771.jpg,0
7772.jpg,0
7773.jpg,0
7774.jpg,0
7775.jpg,0
7777.jpg,0
7778.jpg,0
7779.jpg,0
7780.jpg,0
7783.jpg,0
7784.jpg,0
7786.jpg,0
7792.jpg,0
7794.jpg,0
7795.jpg,0
7800.jpg,0
7803.jpg,0
7804.jpg,0
7809.jpg,0
7812.jpg,0
7814.jpg,0
7816.jpg,0
7817.jpg,0
7819.jpg,0
7820.jpg,0
7822.jpg,0
7824.jpg,0
7825.jpg,0
7826.jpg,0
7827.jpg,0
7828.jpg,0
7829.jpg,0
7830.jpg,0
7831.jpg,0
7834.jpg,0
7835.jpg,0
7836.jpg,0
7837.jpg,0
7838.jpg,0
7839.jpg,0
7840.jpg,0
7842.jpg,0
7846.jpg,0
7847.jpg,0
7848.jpg,0
7851.jpg,0
7852.jpg,0
7853.jpg,0
7855.jpg,0
7858.jpg,0
7860.jpg,0
7865.jpg,0
7868.jpg,0
7869.jpg,0
7872.jpg,0
7873.jpg,0
7874.jpg,0
7877.jpg,0
7878.jpg,0
7879.jpg,0
7880.jpg,0
7885.jpg,0
7888.jpg,0
7890.jpg,0
7891.jpg,0
7892.jpg,0
7893.jpg,0
7894.jpg,0
7896.jpg,0
7899.jpg,0
7901.jpg,0
7904.jpg,0
7905.jpg,0
7906.jpg,0
7907.jpg,0
7908.jpg,0
7913.jpg,0
7914.jpg,0
7915.jpg,0
7916.jpg,0
7917.jpg,0
7918.jpg,0
7920.jpg,0
7923.jpg,0
7924.jpg,0
7928.jpg,0
7929.jpg,0
7930.jpg,0
7932.jpg,0
7933.jpg,0
7935.jpg,0
7936.jpg,0
7937.jpg,0
7938.jpg,0
7940.jpg,0
7941.jpg,0
7943.jpg,0
7948.jpg,0
7950.jpg,0
7951.jpg,0
7954.jpg,0
7958.jpg,0
7959.jpg,0
7960.jpg,0
7961.jpg,0
7963.jpg,0
7965.jpg,0
7973.jpg,0
7975.jpg,0
7976.jpg,0
7979.jpg,0
7981.jpg,0
7982.jpg,0
7983.jpg,0
7985.jpg,0
7986.jpg,0
7987.jpg,0
7988.jpg,0
7991.jpg,0
7992.jpg,0
7994.jpg,0
7995.jpg,0
7996.jpg,0
7997.jpg,0
7999.jpg,0
8001.jpg,0
8002.jpg,0
8003.jpg,0
8004.jpg,0
8005.jpg,0
8006.jpg,0
8007.jpg,0
8010.jpg,0
8011.jpg,0
8012.jpg,0
8013.jpg,0
8014.jpg,0
8016.jpg,0
8017.jpg,0
8019.jpg,0
8020.jpg,0
8022.jpg,0
8023.jpg,0
8024.jpg,0
8026.jpg,0
8027.jpg,0
8028.jpg,0
8030.jpg,0
8033.jpg,0
8034.jpg,0
8035.jpg,0
8038.jpg,0
8039.jpg,0
8040.jpg,0
8041.jpg,0
8042.jpg,0
8044.jpg,0
8046.jpg,0
8047.jpg,0
8049.jpg,0
8050.jpg,0
8051.jpg,0
8052.jpg,0
8054.jpg,0
8055.jpg,0
8056.jpg,0
8057.jpg,0
8058.jpg,0
8059.jpg,0
8060.jpg,0
8062.jpg,0
8064.jpg,0
8068.jpg,0
8069.jpg,0
8070.jpg,0
8071.jpg,0
8072.jpg,0
8075.jpg,0
8077.jpg,0
8080.jpg,0
8082.jpg,0
8083.jpg,0
8084.jpg,0
8091.jpg,0
8092.jpg,0
8093.jpg,0
8096.jpg,0
8097.jpg,0
8099.jpg,0
8100.jpg,0
8102.jpg,0
8103.jpg,0
8104.jpg,0
8105.jpg,0
8107.jpg,0
8108.jpg,0
8109.jpg,0
8111.jpg,0
8114.jpg,0
8115.jpg,0
8119.jpg,0
8122.jpg,0
8125.jpg,0
8130.jpg,0
8134.jpg,0
8137.jpg,0
8138.jpg,0
8140.jpg,0
8144.jpg,0
8145.jpg,0
8149.jpg,0
8150.jpg,0
8151.jpg,0
8152.jpg,0
8153.jpg,0
8154.jpg,0
8155.jpg,0
8157.jpg,0
8158.jpg,0
8159.jpg,0
8162.jpg,0
8166.jpg,0
8167.jpg,0
8168.jpg,0
8173.jpg,0
8174.jpg,0
8175.jpg,0
8179.jpg,0
8180.jpg,0
8181.jpg,0
8183.jpg,0
8184.jpg,0
8187.jpg,0
8188.jpg,0
8191.jpg,0
8192.jpg,0
8195.jpg,0
8196.jpg,0
8197.jpg,0
8198.jpg,0
8200.jpg,0
8201.jpg,0
8202.jpg,0
8203.jpg,0
8205.jpg,0
8206.jpg,0
8207.jpg,0
8208.jpg,0
8211.jpg,0
8212.jpg,0
8214.jpg,0
8215.jpg,0
8216.jpg,0
8218.jpg,0
8219.jpg,0
8220.jpg,0
8221.jpg,0
8222.jpg,0
8223.jpg,0
8224.jpg,0
8225.jpg,0
8227.jpg,0
8228.jpg,0
8229.jpg,0
8231.jpg,0
8233.jpg,0
8234.jpg,0
8236.jpg,0
8238.jpg,0
8240.jpg,0
8241.jpg,0
8242.jpg,0
8243.jpg,0
8245.jpg,0
8246.jpg,0
8248.jpg,0
8249.jpg,0
8251.jpg,0
8252.jpg,0
8254.jpg,0
8255.jpg,0
8257.jpg,0
8259.jpg,0
8262.jpg,0
8263.jpg,0
8267.jpg,0
8268.jpg,0
8269.jpg,0
8274.jpg,0
8275.jpg,0
8278.jpg,0
8279.jpg,0
8280.jpg,0
8281.jpg,0
8282.jpg,0
8283.jpg,0
8285.jpg,0
8286.jpg,0
8288.jpg,0
8291.jpg,0
8293.jpg,0
8294.jpg,0
8295.jpg,0
8298.jpg,0
8301.jpg,0
8302.jpg,0
8303.jpg,0
8304.jpg,0
8307.jpg,0
8311.jpg,0
8315.jpg,0
8317.jpg,0
8320.jpg,0
8321.jpg,0
8322.jpg,0
8324.jpg,0
8325.jpg,0
8329.jpg,0
8330.jpg,0
8334.jpg,0
8337.jpg,0
8338.jpg,0
8339.jpg,0
8340.jpg,0
8341.jpg,0
8343.jpg,0
8346.jpg,0
8347.jpg,0
8348.jpg,0
8349.jpg,0
8352.jpg,0
8354.jpg,0
8358.jpg,0
8359.jpg,0
8362.jpg,0
8363.jpg,0
8365.jpg,0
8366.jpg,0
8367.jpg,0
8368.jpg,0
8370.jpg,0
8371.jpg,0
8372.jpg,0
8373.jpg,0
8374.jpg,0
8375.jpg,0
8377.jpg,0
8378.jpg,0
8379.jpg,0
8380.jpg,0
8381.jpg,0
8382.jpg,0
8383.jpg,0
8385.jpg,0
8386.jpg,0
8387.jpg,0
8389.jpg,0
8391.jpg,0
8392.jpg,0
8394.jpg,0
8395.jpg,0
8396.jpg,0
8397.jpg,0
8400.jpg,0
8402.jpg,0
8406.jpg,0
8407.jpg,0
8408.jpg,0
8409.jpg,0
8410.jpg,0
8411.jpg,0
8412.jpg,0
8413.jpg,0
8415.jpg,0
8416.jpg,0
8417.jpg,0
8418.jpg,0
8419.jpg,0
8420.jpg,0
8422.jpg,0
8423.jpg,0
8424.jpg,0
8427.jpg,0
8428.jpg,0
8429.jpg,0
8432.jpg,0
8434.jpg,0
8435.jpg,0
8436.jpg,0
8439.jpg,0
8441.jpg,0
8442.jpg,0
8445.jpg,0
8446.jpg,0
8448.jpg,0
8449.jpg,0
8450.jpg,0
8453.jpg,0
8456.jpg,0
8461.jpg,0
8462.jpg,0
8463.jpg,0
8465.jpg,0
8467.jpg,0
8468.jpg,0
8469.jpg,0
8473.jpg,0
8475.jpg,0
8476.jpg,0
8478.jpg,0
8479.jpg,0
8481.jpg,0
8483.jpg,0
8484.jpg,0
8485.jpg,0
8486.jpg,0
8487.jpg,0
8488.jpg,0
8489.jpg,0
8490.jpg,0
8491.jpg,0
8493.jpg,0
8495.jpg,0
8496.jpg,0
8497.jpg,0
8498.jpg,0
8499.jpg,0
8500.jpg,0
8501.jpg,0
8502.jpg,0
8503.jpg,0
8504.jpg,0
8505.jpg,0
8506.jpg,0
8507.jpg,0
8508.jpg,0
8509.jpg,0
8512.jpg,0
8513.jpg,0
8517.jpg,0
8518.jpg,0
8519.jpg,0
8521.jpg,0
8522.jpg,0
8524.jpg,0
8526.jpg,0
8528.jpg,0
8531.jpg,0
8533.jpg,0
8535.jpg,0
8538.jpg,0
8541.jpg,0
8542.jpg,0
8545.jpg,0
8547.jpg,0
8549.jpg,0
8553.jpg,0
8555.jpg,0
8558.jpg,0
8560.jpg,0
8562.jpg,0
8563.jpg,0
8565.jpg,0
8567.jpg,0
8570.jpg,0
8572.jpg,0
8573.jpg,0
8574.jpg,0
8576.jpg,0
8578.jpg,0
8579.jpg,0
8580.jpg,0
8581.jpg,0
8582.jpg,0
8583.jpg,0
8584.jpg,0
8586.jpg,0
8588.jpg,0
8589.jpg,0
8590.jpg,0
8591.jpg,0
8594.jpg,0
8595.jpg,0
8596.jpg,0
8597.jpg,0
8599.jpg,0
8600.jpg,0
8603.jpg,0
8605.jpg,0
8608.jpg,0
8609.jpg,0
8613.jpg,0
8614.jpg,0
8615.jpg,0
8616.jpg,0
8617.jpg,0
8619.jpg,0
8623.jpg,0
8624.jpg,0
8625.jpg,0
8626.jpg,0
8629.jpg,0
8630.jpg,0
8631.jpg,0
8633.jpg,0
8637.jpg,0
8639.jpg,0
8642.jpg,0
8643.jpg,0
8644.jpg,0
8645.jpg,0
8646.jpg,0
8649.jpg,0
8650.jpg,0
8651.jpg,0
8652.jpg,0
8653.jpg,0
8654.jpg,0
8655.jpg,0
8656.jpg,0
8657.jpg,0
8658.jpg,0
8659.jpg,0
8660.jpg,0
8661.jpg,0
8665.jpg,0
8668.jpg,0
8670.jpg,0
8671.jpg,0
8672.jpg,0
8673.jpg,0
8677.jpg,0
8679.jpg,0
8681.jpg,0
8683.jpg,0
8684.jpg,0
8685.jpg,0
8686.jpg,0
8687.jpg,0
8688.jpg,0
8696.jpg,0
8697.jpg,0
8699.jpg,0
8700.jpg,0
8702.jpg,0
8703.jpg,0
8705.jpg,0
8708.jpg,0
8710.jpg,0
8711.jpg,0
8713.jpg,0
8717.jpg,0
8718.jpg,0
8721.jpg,0
8722.jpg,0
8724.jpg,0
8727.jpg,0
8731.jpg,0
8735.jpg,0
8737.jpg,0
8738.jpg,0
8739.jpg,0
8743.jpg,0
8746.jpg,0
8748.jpg,0
8751.jpg,0
8752.jpg,0
8754.jpg,0
8756.jpg,0
8758.jpg,0
8759.jpg,0
8763.jpg,0
8764.jpg,0
8765.jpg,0
8766.jpg,0
8767.jpg,0
8768.jpg,0
8769.jpg,0
8770.jpg,0
8774.jpg,0
8777.jpg,0
8778.jpg,0
8779.jpg,0
8780.jpg,0
8782.jpg,0
8783.jpg,0
8785.jpg,0
8786.jpg,0
8787.jpg,0
8792.jpg,0
8794.jpg,0
8795.jpg,0
8796.jpg,0
8797.jpg,0
8799.jpg,0
8802.jpg,0
8805.jpg,0
8806.jpg,0
8807.jpg,0
8808.jpg,0
8810.jpg,0
8811.jpg,0
8812.jpg,0
8813.jpg,0
8814.jpg,0
8815.jpg,0
8816.jpg,0
8817.jpg,0
8818.jpg,0
8821.jpg,0
8822.jpg,0
8827.jpg,0
8828.jpg,0
8829.jpg,0
8830.jpg,0
8831.jpg,0
8832.jpg,0
8833.jpg,0
8834.jpg,0
8835.jpg,0
8839.jpg,0
8844.jpg,0
8849.jpg,0
8850.jpg,0
8851.jpg,0
8854.jpg,0
8857.jpg,0
8858.jpg,0
8863.jpg,0
8864.jpg,0
8866.jpg,0
8867.jpg,0
8868.jpg,0
8869.jpg,0
8870.jpg,0
8871.jpg,0
8872.jpg,0
8873.jpg,0
8874.jpg,0
8876.jpg,0
8877.jpg,0
8878.jpg,0
8879.jpg,0
8880.jpg,0
8882.jpg,0
8884.jpg,0
8886.jpg,0
8887.jpg,0
8888.jpg,0
8890.jpg,0
8891.jpg,0
8893.jpg,0
8894.jpg,0
8895.jpg,0
8896.jpg,0
8897.jpg,0
8898.jpg,0
8903.jpg,0
8904.jpg,0
8905.jpg,0
8906.jpg,0
8907.jpg,0
8909.jpg,0
8911.jpg,0
8913.jpg,0
8914.jpg,0
8915.jpg,0
8916.jpg,0
8918.jpg,0
8919.jpg,0
8920.jpg,0
8922.jpg,0
8924.jpg,0
8926.jpg,0
8928.jpg,0
8930.jpg,0
8931.jpg,0
8932.jpg,0
8933.jpg,0
8934.jpg,0
8935.jpg,0
8937.jpg,0
8938.jpg,0
8939.jpg,0
8940.jpg,0
8941.jpg,0
8942.jpg,0
8945.jpg,0
8948.jpg,0
8950.jpg,0
8954.jpg,0
8955.jpg,0
8956.jpg,0
8957.jpg,0
8959.jpg,0
8961.jpg,0
8962.jpg,0
8964.jpg,0
8965.jpg,0
8966.jpg,0
8967.jpg,0
8969.jpg,0
8972.jpg,0
8973.jpg,0
8974.jpg,0
8975.jpg,0
8976.jpg,0
8978.jpg,0
8979.jpg,0
8980.jpg,0
8981.jpg,0
8982.jpg,0
8983.jpg,0
8985.jpg,0
8987.jpg,0
8988.jpg,0
8989.jpg,0
8990.jpg,0
8991.jpg,0
8992.jpg,0
8993.jpg,0
8995.jpg,0
8996.jpg,0
8997.jpg,0
8998.jpg,0
8999.jpg,0
9000.jpg,0
9004.jpg,0
9005.jpg,0
9010.jpg,0
9011.jpg,0
9012.jpg,0
9014.jpg,0
9015.jpg,0
9019.jpg,0
9021.jpg,0
9022.jpg,0
9025.jpg,0
9028.jpg,0
9029.jpg,0
9031.jpg,0
9033.jpg,0
9035.jpg,0
9037.jpg,0
9038.jpg,0
9041.jpg,0
9042.jpg,0
9045.jpg,0
9046.jpg,0
9047.jpg,0
9049.jpg,0
9051.jpg,0
9053.jpg,0
9055.jpg,0
9058.jpg,0
9059.jpg,0
9060.jpg,0
9061.jpg,0
9062.jpg,0
9063.jpg,0
9064.jpg,0
9065.jpg,0
9066.jpg,0
9067.jpg,0
9069.jpg,0
9071.jpg,0
9075.jpg,0
9076.jpg,0
9077.jpg,0
9078.jpg,0
9081.jpg,0
9085.jpg,0
9087.jpg,0
9090.jpg,0
9092.jpg,0
9093.jpg,0
9094.jpg,0
9098.jpg,0
9102.jpg,0
9104.jpg,0
9105.jpg,0
9106.jpg,0
9109.jpg,0
9113.jpg,0
9114.jpg,0
9115.jpg,0
9117.jpg,0
9119.jpg,0
9123.jpg,0
9125.jpg,0
9126.jpg,0
9127.jpg,0
9128.jpg,0
9129.jpg,0
9130.jpg,0
9131.jpg,0
9132.jpg,0
9134.jpg,0
9137.jpg,0
9138.jpg,0
9139.jpg,0
9140.jpg,0
9141.jpg,0
9148.jpg,0
9149.jpg,0
9150.jpg,0
9152.jpg,0
9154.jpg,0
9155.jpg,0
9157.jpg,0
9159.jpg,0
9160.jpg,0
9163.jpg,0
9164.jpg,0
9165.jpg,0
9167.jpg,0
9171.jpg,0
9172.jpg,0
9175.jpg,0
9176.jpg,0
9180.jpg,0
9181.jpg,0
9185.jpg,0
9186.jpg,0
9187.jpg,0
9190.jpg,0
9193.jpg,0
9194.jpg,0
9195.jpg,0
9203.jpg,0
9205.jpg,0
9206.jpg,0
9208.jpg,0
9210.jpg,0
9211.jpg,0
9212.jpg,0
9213.jpg,0
9215.jpg,0
9216.jpg,0
9217.jpg,0
9218.jpg,0
9220.jpg,0
9223.jpg,0
9227.jpg,0
9228.jpg,0
9232.jpg,0
9236.jpg,0
9238.jpg,0
9240.jpg,0
9241.jpg,0
9245.jpg,0
9247.jpg,0
9248.jpg,0
9250.jpg,0
9251.jpg,0
9252.jpg,0
9254.jpg,0
9255.jpg,0
9257.jpg,0
9260.jpg,0
9261.jpg,0
9262.jpg,0
9266.jpg,0
9269.jpg,0
9270.jpg,0
9272.jpg,0
9273.jpg,0
9274.jpg,0
9276.jpg,0
9279.jpg,0
9281.jpg,0
9285.jpg,0
9286.jpg,0
9289.jpg,0
9290.jpg,0
9291.jpg,0
9292.jpg,0
9294.jpg,0
9296.jpg,0
9297.jpg,0
9300.jpg,0
9303.jpg,0
9306.jpg,0
9307.jpg,0
9308.jpg,0
9309.jpg,0
9312.jpg,0
9314.jpg,0
9315.jpg,0
9316.jpg,0
9318.jpg,0
9323.jpg,0
9324.jpg,0
9325.jpg,0
9328.jpg,0
9329.jpg,0
9330.jpg,0
9334.jpg,0
9335.jpg,0
9337.jpg,0
9338.jpg,0
9339.jpg,0
9341.jpg,0
9342.jpg,0
9343.jpg,0
9344.jpg,0
9347.jpg,0
9350.jpg,0
9351.jpg,0
9353.jpg,0
9354.jpg,0
9355.jpg,0
9357.jpg,0
9360.jpg,0
9361.jpg,0
9362.jpg,0
9363.jpg,0
9364.jpg,0
9365.jpg,0
9366.jpg,0
9367.jpg,0
9368.jpg,0
9369.jpg,0
9371.jpg,0
9373.jpg,0
9374.jpg,0
9375.jpg,0
9377.jpg,0
9378.jpg,0
9379.jpg,0
9381.jpg,0
9383.jpg,0
9385.jpg,0
9386.jpg,0
9387.jpg,0
9388.jpg,0
9392.jpg,0
9394.jpg,0
9395.jpg,0
9396.jpg,0
9398.jpg,0
9399.jpg,0
9400.jpg,0
9401.jpg,0
9402.jpg,0
9404.jpg,0
9407.jpg,0
9411.jpg,0
9413.jpg,0
9421.jpg,0
9423.jpg,0
9425.jpg,0
9429.jpg,0
9430.jpg,0
9432.jpg,0
9433.jpg,0
9439.jpg,0
9440.jpg,0
9441.jpg,0
9442.jpg,0
9444.jpg,0
9445.jpg,0
9449.jpg,0
9450.jpg,0
9452.jpg,0
9455.jpg,0
9458.jpg,0
9459.jpg,0
9460.jpg,0
9462.jpg,0
9467.jpg,0
9469.jpg,0
9470.jpg,0
9474.jpg,0
9477.jpg,0
9478.jpg,0
9480.jpg,0
9484.jpg,0
9486.jpg,0
9487.jpg,0
9488.jpg,0
9489.jpg,0
9491.jpg,0
9492.jpg,0
9495.jpg,0
9498.jpg,0
9499.jpg,0
9500.jpg,0
9503.jpg,0
9504.jpg,0
9505.jpg,0
9507.jpg,0
9510.jpg,0
9513.jpg,0
9515.jpg,0
9517.jpg,0
9518.jpg,0
9519.jpg,0
9520.jpg,0
9521.jpg,0
9525.jpg,0
9526.jpg,0
9527.jpg,0
9529.jpg,0
9530.jpg,0
9531.jpg,0
9532.jpg,0
9533.jpg,0
9536.jpg,0
9537.jpg,0
9539.jpg,0
9540.jpg,0
9541.jpg,0
9542.jpg,0
9544.jpg,0
9546.jpg,0
9547.jpg,0
9548.jpg,0
9549.jpg,0
9551.jpg,0
9552.jpg,0
9556.jpg,0
9557.jpg,0
9559.jpg,0
9560.jpg,0
9561.jpg,0
9563.jpg,0
9564.jpg,0
9565.jpg,0
9566.jpg,0
9569.jpg,0
9572.jpg,0
9573.jpg,0
9574.jpg,0
9575.jpg,0
9576.jpg,0
9577.jpg,0
9578.jpg,0
9579.jpg,0
9580.jpg,0
9581.jpg,0
9583.jpg,0
9585.jpg,0
9586.jpg,0
9587.jpg,0
9588.jpg,0
9591.jpg,0
9594.jpg,0
9595.jpg,0
9596.jpg,0
9597.jpg,0
9598.jpg,0
9599.jpg,0
9600.jpg,0
9602.jpg,0
9603.jpg,0
9604.jpg,0
9607.jpg,0
9609.jpg,0
9610.jpg,0
9611.jpg,0
9612.jpg,0
9615.jpg,0
9618.jpg,0
9619.jpg,0
9620.jpg,0
9621.jpg,0
9622.jpg,0
9623.jpg,0
9626.jpg,0
9627.jpg,0
9630.jpg,0
9631.jpg,0
9632.jpg,0
9636.jpg,0
9637.jpg,0
9639.jpg,0
9640.jpg,0
9641.jpg,0
9644.jpg,0
9645.jpg,0
9646.jpg,0
9648.jpg,0
9649.jpg,0
9650.jpg,0
9651.jpg,0
9652.jpg,0
9655.jpg,0
9656.jpg,0
9658.jpg,0
9659.jpg,0
9660.jpg,0
9661.jpg,0
9662.jpg,0
9663.jpg,0
9664.jpg,0
9665.jpg,0
9666.jpg,0
9667.jpg,0
9670.jpg,0
9671.jpg,0
9672.jpg,0
9674.jpg,0
9676.jpg,0
9677.jpg,0
9679.jpg,0
9681.jpg,0
9684.jpg,0
9685.jpg,0
9689.jpg,0
9692.jpg,0
9695.jpg,0
9697.jpg,0
9698.jpg,0
9699.jpg,0
9700.jpg,0
9702.jpg,0
9704.jpg,0
9705.jpg,0
9708.jpg,0
9709.jpg,0
9710.jpg,0
9711.jpg,0
9715.jpg,0
9716.jpg,0
9717.jpg,0
9720.jpg,0
9724.jpg,0
9726.jpg,0
9727.jpg,0
9728.jpg,0
9729.jpg,0
9731.jpg,0
9734.jpg,0
9735.jpg,0
9736.jpg,0
9738.jpg,0
9739.jpg,0
9741.jpg,0
9744.jpg,0
9745.jpg,0
9746.jpg,0
9749.jpg,0
9750.jpg,0
9752.jpg,0
9754.jpg,0
9755.jpg,0
9756.jpg,0
9758.jpg,0
9761.jpg,0
9763.jpg,0
9764.jpg,0
9765.jpg,0
9766.jpg,0
9767.jpg,0
9768.jpg,0
9772.jpg,0
9773.jpg,0
9774.jpg,0
9775.jpg,0
9776.jpg,0
9779.jpg,0
9780.jpg,0
9781.jpg,0
9782.jpg,0
9783.jpg,0
9784.jpg,0
9785.jpg,0
9786.jpg,0
9788.jpg,0
9790.jpg,0
9791.jpg,0
9792.jpg,0
9797.jpg,0
9798.jpg,0
9800.jpg,0
9801.jpg,0
9802.jpg,0
9803.jpg,0
9804.jpg,0
9805.jpg,0
9806.jpg,0
9809.jpg,0
9812.jpg,0
9814.jpg,0
9817.jpg,0
9819.jpg,0
9820.jpg,0
9822.jpg,0
9823.jpg,0
9827.jpg,0
9828.jpg,0
9829.jpg,0
9831.jpg,0
9832.jpg,0
9833.jpg,0
9834.jpg,0
9835.jpg,0
9836.jpg,0
9838.jpg,0
9841.jpg,0
9844.jpg,0
9847.jpg,0
9850.jpg,0
9851.jpg,0
9852.jpg,0
9853.jpg,0
9854.jpg,0
9858.jpg,0
9859.jpg,0
9860.jpg,0
9861.jpg,0
9863.jpg,0
9864.jpg,0
9866.jpg,0
9867.jpg,0
9868.jpg,0
9869.jpg,0
9870.jpg,0
9871.jpg,0
9876.jpg,0
9878.jpg,0
9879.jpg,0
9880.jpg,0
9881.jpg,0
9882.jpg,0
9883.jpg,0
9884.jpg,0
9886.jpg,0
9887.jpg,0
9889.jpg,0
9890.jpg,0
9891.jpg,0
9898.jpg,0
9900.jpg,0
9901.jpg,0
9905.jpg,0
9906.jpg,0
9912.jpg,0
9913.jpg,0
9914.jpg,0
9916.jpg,0
9919.jpg,0
9920.jpg,0
9921.jpg,0
9922.jpg,0
9923.jpg,0
9924.jpg,0
9925.jpg,0
9927.jpg,0
9928.jpg,0
9929.jpg,0
9931.jpg,0
9932.jpg,0
9934.jpg,0
9937.jpg,0
9938.jpg,0
9939.jpg,0
9940.jpg,0
9941.jpg,0
9942.jpg,0
9944.jpg,0
9945.jpg,0
9946.jpg,0
9947.jpg,0
9951.jpg,0
9952.jpg,0
9953.jpg,0
9954.jpg,0
9955.jpg,0
9956.jpg,0
9957.jpg,0
9958.jpg,0
9960.jpg,0
9962.jpg,0
9963.jpg,0
9964.jpg,0
9965.jpg,0
9967.jpg,0
9968.jpg,0
9970.jpg,0
9971.jpg,0
9972.jpg,0
9973.jpg,0
9974.jpg,0
9978.jpg,0
9979.jpg,0
9983.jpg,0
9984.jpg,0
9985.jpg,0
9989.jpg,0
9992.jpg,0
9993.jpg,0
9994.jpg,0
9997.jpg,0
10000.jpg,0
10004.jpg,0
10005.jpg,0
10008.jpg,0
10009.jpg,0
10011.jpg,0
10012.jpg,0
10013.jpg,0
10015.jpg,0
10016.jpg,0
10019.jpg,0
10020.jpg,0
10021.jpg,0
10022.jpg,0
10023.jpg,0
10024.jpg,0
10033.jpg,0
10036.jpg,0
10037.jpg,0
10038.jpg,0
10043.jpg,0
10045.jpg,0
10046.jpg,0
10048.jpg,0
10049.jpg,0
10054.jpg,0
10055.jpg,0
10056.jpg,0
10058.jpg,0
10059.jpg,0
10062.jpg,0
10064.jpg,0
10071.jpg,0
10073.jpg,0
10075.jpg,0
10079.jpg,0
10080.jpg,0
10081.jpg,0
10082.jpg,0
10083.jpg,0
10088.jpg,0
10090.jpg,0
10091.jpg,0
10093.jpg,0
10095.jpg,0
10096.jpg,0
10098.jpg,0
10100.jpg,0
10102.jpg,0
10103.jpg,0
10105.jpg,0
10106.jpg,0
10107.jpg,0
10109.jpg,0
10115.jpg,0
10119.jpg,0
10121.jpg,0
10123.jpg,0
10125.jpg,0
10128.jpg,0
10132.jpg,0
10133.jpg,0
10134.jpg,0
10135.jpg,0
10136.jpg,0
10143.jpg,0
10145.jpg,0
10150.jpg,0
10153.jpg,0
10154.jpg,0
10157.jpg,0
10159.jpg,0
10161.jpg,0
10162.jpg,0
10166.jpg,0
10168.jpg,0
10169.jpg,0
10170.jpg,0
10171.jpg,0
10174.jpg,0
10176.jpg,0
10179.jpg,0
10181.jpg,0
10182.jpg,0
10184.jpg,0
10185.jpg,0
10189.jpg,0
10190.jpg,0
10191.jpg,0
10194.jpg,0
10195.jpg,0
10198.jpg,0
10199.jpg,0
10204.jpg,0
10205.jpg,0
10206.jpg,0
10208.jpg,0
10210.jpg,0
10211.jpg,0
10212.jpg,0
10213.jpg,0
10214.jpg,0
10215.jpg,0
10216.jpg,0
10220.jpg,0
10221.jpg,0
10222.jpg,0
10225.jpg,0
10227.jpg,0
10230.jpg,0
10231.jpg,0
10232.jpg,0
10235.jpg,0
10236.jpg,0
10237.jpg,0
10238.jpg,0
10239.jpg,0
10242.jpg,0
10243.jpg,0
10244.jpg,0
10245.jpg,0
10247.jpg,0
10248.jpg,0
10249.jpg,0
10250.jpg,0
10253.jpg,0
10254.jpg,0
10255.jpg,0
10256.jpg,0
10257.jpg,0
10258.jpg,0
10259.jpg,0
10260.jpg,0
10262.jpg,0
10264.jpg,0
10267.jpg,0
10268.jpg,0
10269.jpg,0
10271.jpg,0
10272.jpg,0
10273.jpg,0
10276.jpg,0
10279.jpg,0
10281.jpg,0
10282.jpg,0
10283.jpg,0
10284.jpg,0
10285.jpg,0
10286.jpg,0
10287.jpg,0
10288.jpg,0
10291.jpg,0
10292.jpg,0
10293.jpg,0
10294.jpg,0
10296.jpg,0
10297.jpg,0
10299.jpg,0
10300.jpg,0
10302.jpg,0
10303.jpg,0
10305.jpg,0
10308.jpg,0
10309.jpg,0
10310.jpg,0
10311.jpg,0
10312.jpg,0
10314.jpg,0
10317.jpg,0
10318.jpg,0
10319.jpg,0
10322.jpg,0
10324.jpg,0
10325.jpg,0
10329.jpg,0
10332.jpg,0
10333.jpg,0
10334.jpg,0
10335.jpg,0
10336.jpg,0
10337.jpg,0
10340.jpg,0
10341.jpg,0
10342.jpg,0
10344.jpg,0
10347.jpg,0
10348.jpg,0
10350.jpg,0
10351.jpg,0
10352.jpg,0
10356.jpg,0
10357.jpg,0
10359.jpg,0
10362.jpg,0
10364.jpg,0
10365.jpg,0
10366.jpg,0
10367.jpg,0
10369.jpg,0
10373.jpg,0
10375.jpg,0
10379.jpg,0
10380.jpg,0
10382.jpg,0
10384.jpg,0
10386.jpg,0
10388.jpg,0
10390.jpg,0
10395.jpg,0
10397.jpg,0
10400.jpg,0
10401.jpg,0
10404.jpg,0
10405.jpg,0
10406.jpg,0
10407.jpg,0
10408.jpg,0
10410.jpg,0
10411.jpg,0
10412.jpg,0
10413.jpg,0
10414.jpg,0
10415.jpg,0
10418.jpg,0
10419.jpg,0
10421.jpg,0
10423.jpg,0
10424.jpg,0
10426.jpg,0
10428.jpg,0
10430.jpg,0
10431.jpg,0
10434.jpg,0
10435.jpg,0
10437.jpg,0
10438.jpg,0
10439.jpg,0
10440.jpg,0
10441.jpg,0
10442.jpg,0
10443.jpg,0
10444.jpg,0
10445.jpg,0
10446.jpg,0
10447.jpg,0
10449.jpg,0
10452.jpg,0
10453.jpg,0
10454.jpg,0
10455.jpg,0
10456.jpg,0
10463.jpg,0
10465.jpg,0
10466.jpg,0
10467.jpg,0
10468.jpg,0
10469.jpg,0
10470.jpg,0
10474.jpg,0
10475.jpg,0
10476.jpg,0
10477.jpg,0
10479.jpg,0
10481.jpg,0
10483.jpg,0
10484.jpg,0
10485.jpg,0
10487.jpg,0
10488.jpg,0
10490.jpg,0
10492.jpg,0
10493.jpg,0
10494.jpg,0
10495.jpg,0
10497.jpg,0
10498.jpg,0
10499.jpg,0
10501.jpg,0
10502.jpg,0
10503.jpg,0
10505.jpg,0
10506.jpg,0
10509.jpg,0
10510.jpg,0
10511.jpg,0
10515.jpg,0
10516.jpg,0
10519.jpg,0
10520.jpg,0
10521.jpg,0
10522.jpg,0
10523.jpg,0
10525.jpg,0
10528.jpg,0
10529.jpg,0
10532.jpg,0
10534.jpg,0
10535.jpg,0
10537.jpg,0
10538.jpg,0
10539.jpg,0
10540.jpg,0
10542.jpg,0
10543.jpg,0
10544.jpg,0
10548.jpg,0
10549.jpg,0
10550.jpg,0
10551.jpg,0
10552.jpg,0
10553.jpg,0
10557.jpg,0
10558.jpg,0
10560.jpg,0
10561.jpg,0
10565.jpg,0
10566.jpg,0
10569.jpg,0
10571.jpg,0
10572.jpg,0
10574.jpg,0
10575.jpg,0
10576.jpg,0
10577.jpg,0
10578.jpg,0
10579.jpg,0
10583.jpg,0
10585.jpg,0
10586.jpg,0
10587.jpg,0
10591.jpg,0
10593.jpg,0
10594.jpg,0
10597.jpg,0
10598.jpg,0
10600.jpg,0
10601.jpg,0
10603.jpg,0
10604.jpg,0
10606.jpg,0
10607.jpg,0
10608.jpg,0
10611.jpg,0
10613.jpg,0
10614.jpg,0
10616.jpg,0
10619.jpg,0
10620.jpg,0
10623.jpg,0
10625.jpg,0
10626.jpg,0
10627.jpg,0
10630.jpg,0
10631.jpg,0
10634.jpg,0
10635.jpg,0
10636.jpg,0
10639.jpg,0
10643.jpg,0
10644.jpg,0
10645.jpg,0
10646.jpg,0
10649.jpg,0
10650.jpg,0
10651.jpg,0
10652.jpg,0
10655.jpg,0
10657.jpg,0
10658.jpg,0
10659.jpg,0
10663.jpg,0
10664.jpg,0
10666.jpg,0
10667.jpg,0
10669.jpg,0
10670.jpg,0
10671.jpg,0
10672.jpg,0
10673.jpg,0
10676.jpg,0
10677.jpg,0
10678.jpg,0
10682.jpg,0
10683.jpg,0
10684.jpg,0
10685.jpg,0
10686.jpg,0
10689.jpg,0
10690.jpg,0
10691.jpg,0
10693.jpg,0
10694.jpg,0
10698.jpg,0
10701.jpg,0
10704.jpg,0
10707.jpg,0
10709.jpg,0
10712.jpg,0
10713.jpg,0
10714.jpg,0
10715.jpg,0
10716.jpg,0
10719.jpg,0
10721.jpg,0
10724.jpg,0
10727.jpg,0
10728.jpg,0
10729.jpg,0
10731.jpg,0
10732.jpg,0
10735.jpg,0
10736.jpg,0
10741.jpg,0
10743.jpg,0
10749.jpg,0
10752.jpg,0
10755.jpg,0
10757.jpg,0
10758.jpg,0
10761.jpg,0
10762.jpg,0
10764.jpg,0
10768.jpg,0
10769.jpg,0
10774.jpg,0
10775.jpg,0
10776.jpg,0
10777.jpg,0
10778.jpg,0
10779.jpg,0
10781.jpg,0
10782.jpg,0
10783.jpg,0
10785.jpg,0
10787.jpg,0
10789.jpg,0
10790.jpg,0
10791.jpg,0
10792.jpg,0
10794.jpg,0
10795.jpg,0
10796.jpg,0
10798.jpg,0
10800.jpg,0
10801.jpg,0
10802.jpg,0
10803.jpg,0
10804.jpg,0
10806.jpg,0
10807.jpg,0
10811.jpg,0
10814.jpg,0
10815.jpg,0
10816.jpg,0
10817.jpg,0
10818.jpg,0
10821.jpg,0
10822.jpg,0
10823.jpg,0
10824.jpg,0
10825.jpg,0
10829.jpg,0
10830.jpg,0
10833.jpg,0
10836.jpg,0
10837.jpg,0
10838.jpg,0
10840.jpg,0
10843.jpg,0
10846.jpg,0
10847.jpg,0
10849.jpg,0
10851.jpg,0
10853.jpg,0
10856.jpg,0
10859.jpg,0
10862.jpg,0
10863.jpg,0
10864.jpg,0
10868.jpg,0
10870.jpg,0
10871.jpg,0
10873.jpg,0
10874.jpg,0
10876.jpg,0
10877.jpg,0
10878.jpg,0
10880.jpg,0
10885.jpg,0
10886.jpg,0
10887.jpg,0
10888.jpg,0
10891.jpg,0
10892.jpg,0
10893.jpg,0
10894.jpg,0
10895.jpg,0
10898.jpg,0
10900.jpg,0
10902.jpg,0
10904.jpg,0
10906.jpg,0
10908.jpg,0
10909.jpg,0
10910.jpg,0
10911.jpg,0
10912.jpg,0
10916.jpg,0
10917.jpg,0
10918.jpg,0
10919.jpg,0
10920.jpg,0
10921.jpg,0
10922.jpg,0
10923.jpg,0
10926.jpg,0
10928.jpg,0
10929.jpg,0
10931.jpg,0
10933.jpg,0
10935.jpg,0
10937.jpg,0
10939.jpg,0
10941.jpg,0
10943.jpg,0
10944.jpg,0
10945.jpg,0
10949.jpg,0
10950.jpg,0
10953.jpg,0
10954.jpg,0
10955.jpg,0
10956.jpg,0
10957.jpg,0
10960.jpg,0
10961.jpg,0
10962.jpg,0
10963.jpg,0
10964.jpg,0
10965.jpg,0
10966.jpg,0
10969.jpg,0
10970.jpg,0
10971.jpg,0
10972.jpg,0
10973.jpg,0
10974.jpg,0
10975.jpg,0
10976.jpg,0
10978.jpg,0
10979.jpg,0
10983.jpg,0
10984.jpg,0
10985.jpg,0
10986.jpg,0
10989.jpg,0
10991.jpg,0
10992.jpg,0
10996.jpg,0
10999.jpg,0
11001.jpg,0
11002.jpg,0
11005.jpg,0
11008.jpg,0
11009.jpg,0
11011.jpg,0
11012.jpg,0
11013.jpg,0
11014.jpg,0
11015.jpg,0
11018.jpg,0
11019.jpg,0
11020.jpg,0
11021.jpg,0
11022.jpg,0
11024.jpg,0
11026.jpg,0
11028.jpg,0
11029.jpg,0
11031.jpg,0
11033.jpg,0
11036.jpg,0
11041.jpg,0
11043.jpg,0
11044.jpg,0
11045.jpg,0
11047.jpg,0
11048.jpg,0
11049.jpg,0
11050.jpg,0
11051.jpg,0
11052.jpg,0
11057.jpg,0
11058.jpg,0
11059.jpg,0
11060.jpg,0
11061.jpg,0
11062.jpg,0
11063.jpg,0
11064.jpg,0
11065.jpg,0
11066.jpg,0
11068.jpg,0
11069.jpg,0
11070.jpg,0
11071.jpg,0
11072.jpg,0
11073.jpg,0
11074.jpg,0
11076.jpg,0
11078.jpg,0
11082.jpg,0
11083.jpg,0
11084.jpg,0
11085.jpg,0
11086.jpg,0
11087.jpg,0
11089.jpg,0
11090.jpg,0
11092.jpg,0
11097.jpg,0
11098.jpg,0
11099.jpg,0
11100.jpg,0
11103.jpg,0
11105.jpg,0
11106.jpg,0
11109.jpg,0
11110.jpg,0
11113.jpg,0
11114.jpg,0
11115.jpg,0
11116.jpg,0
11117.jpg,0
11120.jpg,0
11121.jpg,0
11124.jpg,0
11126.jpg,0
11127.jpg,0
11129.jpg,0
11131.jpg,0
11132.jpg,0
11138.jpg,0
11140.jpg,0
11141.jpg,0
11143.jpg,0
11146.jpg,0
11147.jpg,0
11148.jpg,0
11151.jpg,0
11152.jpg,0
11154.jpg,0
11155.jpg,0
11157.jpg,0
11158.jpg,0
11159.jpg,0
11160.jpg,0
11163.jpg,0
11164.jpg,0
11166.jpg,0
11167.jpg,0
11168.jpg,0
11172.jpg,0
11174.jpg,0
11177.jpg,0
11179.jpg,0
11182.jpg,0
11183.jpg,0
11184.jpg,0
11186.jpg,0
11187.jpg,0
11188.jpg,0
11192.jpg,0
11193.jpg,0
11195.jpg,0
11198.jpg,0
11199.jpg,0
11200.jpg,0
11201.jpg,0
11203.jpg,0
11206.jpg,0
11210.jpg,0
11217.jpg,0
11218.jpg,0
11219.jpg,0
11222.jpg,0
11223.jpg,0
11229.jpg,0
11230.jpg,0
11232.jpg,0
11233.jpg,0
11234.jpg,0
11236.jpg,0
11238.jpg,0
11239.jpg,0
11240.jpg,0
11242.jpg,0
11243.jpg,0
11244.jpg,0
11246.jpg,0
11248.jpg,0
11250.jpg,0
11251.jpg,0
11253.jpg,0
11254.jpg,0
11255.jpg,0
11256.jpg,0
11257.jpg,0
11258.jpg,0
11259.jpg,0
11260.jpg,0
11262.jpg,0
11263.jpg,0
11264.jpg,0
11265.jpg,0
11266.jpg,0
11272.jpg,0
11273.jpg,0
11276.jpg,0
11277.jpg,0
11279.jpg,0
11281.jpg,0
11283.jpg,0
11285.jpg,0
11286.jpg,0
11287.jpg,0
11288.jpg,0
11292.jpg,0
11293.jpg,0
11294.jpg,0
11295.jpg,0
11296.jpg,0
11297.jpg,0
11298.jpg,0
11299.jpg,0
11300.jpg,0
11302.jpg,0
11305.jpg,0
11306.jpg,0
11309.jpg,0
11310.jpg,0
11311.jpg,0
11312.jpg,0
11313.jpg,0
11315.jpg,0
11318.jpg,0
11320.jpg,0
11323.jpg,0
11324.jpg,0
11326.jpg,0
11328.jpg,0
11329.jpg,0
11331.jpg,0
11333.jpg,0
11334.jpg,0
11337.jpg,0
11338.jpg,0
11339.jpg,0
11340.jpg,0
11341.jpg,0
11342.jpg,0
11343.jpg,0
11345.jpg,0
11346.jpg,0
11347.jpg,0
11348.jpg,0
11350.jpg,0
11351.jpg,0
11352.jpg,0
11353.jpg,0
11354.jpg,0
11355.jpg,0
11358.jpg,0
11360.jpg,0
11361.jpg,0
11362.jpg,0
11363.jpg,0
11364.jpg,0
11365.jpg,0
11366.jpg,0
11370.jpg,0
11372.jpg,0
11373.jpg,0
11376.jpg,0
11377.jpg,0
11379.jpg,0
11380.jpg,0
11382.jpg,0
11383.jpg,0
11385.jpg,0
11386.jpg,0
11387.jpg,0
11391.jpg,0
11393.jpg,0
11394.jpg,0
11395.jpg,0
11397.jpg,0
11399.jpg,0
11401.jpg,0
11402.jpg,0
11403.jpg,0
11404.jpg,0
11405.jpg,0
11406.jpg,0
11408.jpg,0
11409.jpg,0
11410.jpg,0
11411.jpg,0
11412.jpg,0
11413.jpg,0
11415.jpg,0
11416.jpg,0
11417.jpg,0
11419.jpg,0
11420.jpg,0
11422.jpg,0
11424.jpg,0
11425.jpg,0
11426.jpg,0
11427.jpg,0
11428.jpg,0
11429.jpg,0
11431.jpg,0
11432.jpg,0
11433.jpg,0
11434.jpg,0
11437.jpg,0
11438.jpg,0
11439.jpg,0
11440.jpg,0
11441.jpg,0
11445.jpg,0
11448.jpg,0
11449.jpg,0
11450.jpg,0
11451.jpg,0
11452.jpg,0
11453.jpg,0
11454.jpg,0
11457.jpg,0
11458.jpg,0
11460.jpg,0
11463.jpg,0
11468.jpg,0
11469.jpg,0
11470.jpg,0
11475.jpg,0
11476.jpg,0
11477.jpg,0
11478.jpg,0
11479.jpg,0
11480.jpg,0
11481.jpg,0
11482.jpg,0
11485.jpg,0
11486.jpg,0
11489.jpg,0
11491.jpg,0
11492.jpg,0
11495.jpg,0
11496.jpg,0
11497.jpg,0
11498.jpg,0
11500.jpg,0
11501.jpg,0
11502.jpg,0
11503.jpg,0
11504.jpg,0
11505.jpg,0
11506.jpg,0
11508.jpg,0
11509.jpg,0
11510.jpg,0
11511.jpg,0
11512.jpg,0
11515.jpg,0
11516.jpg,0
11518.jpg,0
11519.jpg,0
11520.jpg,0
11521.jpg,0
11522.jpg,0
11523.jpg,0
11525.jpg,0
11526.jpg,0
11527.jpg,0
11528.jpg,0
11530.jpg,0
11531.jpg,0
11532.jpg,0
11533.jpg,0
11534.jpg,0
11535.jpg,0
11536.jpg,0
11537.jpg,0
11538.jpg,0
11539.jpg,0
11540.jpg,0
11543.jpg,0
11544.jpg,0
11546.jpg,0
11547.jpg,0
11549.jpg,0
11550.jpg,0
11551.jpg,0
11553.jpg,0
11554.jpg,0
11556.jpg,0
11557.jpg,0
11558.jpg,0
11560.jpg,0
11565.jpg,0
11566.jpg,0
11568.jpg,0
11570.jpg,0
11572.jpg,0
11573.jpg,0
11575.jpg,0
11577.jpg,0
11578.jpg,0
11579.jpg,0
11581.jpg,0
11582.jpg,0
11583.jpg,0
11584.jpg,0
11586.jpg,0
11588.jpg,0
11590.jpg,0
11591.jpg,0
11592.jpg,0
11593.jpg,0
11594.jpg,0
11595.jpg,0
11600.jpg,0
11601.jpg,0
11603.jpg,0
11604.jpg,0
11605.jpg,0
11608.jpg,0
11609.jpg,0
11610.jpg,0
11613.jpg,0
11614.jpg,0
11615.jpg,0
11618.jpg,0
11619.jpg,0
11620.jpg,0
11621.jpg,0
11624.jpg,0
11625.jpg,0
11626.jpg,0
11627.jpg,0
11628.jpg,0
11629.jpg,0
11632.jpg,0
11633.jpg,0
11634.jpg,0
11635.jpg,0
11636.jpg,0
11637.jpg,0
11638.jpg,0
11639.jpg,0
11640.jpg,0
11641.jpg,0
11643.jpg,0
11644.jpg,0
11645.jpg,0
11646.jpg,0
11647.jpg,0
11648.jpg,0
11649.jpg,0
11650.jpg,0
11651.jpg,0
11652.jpg,0
11653.jpg,0
11654.jpg,0
11660.jpg,0
11664.jpg,0
11669.jpg,0
11671.jpg,0
11672.jpg,0
11673.jpg,0
11674.jpg,0
11675.jpg,0
11676.jpg,0
11678.jpg,0
11679.jpg,0
11680.jpg,0
11681.jpg,0
11682.jpg,0
11686.jpg,0
11687.jpg,0
11689.jpg,0
11692.jpg,0
11693.jpg,0
11694.jpg,0
11697.jpg,0
11698.jpg,0
11699.jpg,0
11702.jpg,0
11703.jpg,0
11704.jpg,0
11705.jpg,0
11706.jpg,0
11707.jpg,0
11708.jpg,0
11709.jpg,0
11711.jpg,0
11712.jpg,0
11714.jpg,0
11715.jpg,0
11716.jpg,0
11721.jpg,0
11722.jpg,0
11723.jpg,0
11724.jpg,0
11727.jpg,0
11728.jpg,0
11729.jpg,0
11730.jpg,0
11732.jpg,0
11734.jpg,0
11735.jpg,0
11736.jpg,0
11739.jpg,0
11740.jpg,0
11741.jpg,0
11742.jpg,0
11743.jpg,0
11744.jpg,0
11747.jpg,0
11748.jpg,0
11753.jpg,0
11754.jpg,0
11755.jpg,0
11756.jpg,0
11758.jpg,0
11759.jpg,0
11761.jpg,0
11762.jpg,0
11763.jpg,0
11764.jpg,0
11765.jpg,0
11766.jpg,0
11767.jpg,0
11770.jpg,0
11774.jpg,0
11775.jpg,0
11780.jpg,0
11781.jpg,0
11783.jpg,0
11784.jpg,0
11785.jpg,0
11786.jpg,0
11787.jpg,0
11789.jpg,0
11790.jpg,0
11791.jpg,0
11796.jpg,0
11798.jpg,0
11801.jpg,0
11802.jpg,0
11803.jpg,0
11804.jpg,0
11805.jpg,0
11810.jpg,0
11811.jpg,0
11812.jpg,0
11813.jpg,0
11816.jpg,0
11817.jpg,0
11819.jpg,0
11822.jpg,0
11823.jpg,0
11824.jpg,0
11825.jpg,0
11826.jpg,0
11830.jpg,0
11831.jpg,0
11835.jpg,0
11836.jpg,0
11837.jpg,0
11838.jpg,0
11839.jpg,0
11843.jpg,0
11844.jpg,0
11847.jpg,0
11850.jpg,0
11851.jpg,0
11852.jpg,0
11853.jpg,0
11855.jpg,0
11856.jpg,0
11857.jpg,0
11859.jpg,0
11860.jpg,0
11861.jpg,0
11865.jpg,0
11867.jpg,0
11869.jpg,0
11870.jpg,0
11871.jpg,0
11876.jpg,0
11877.jpg,0
11879.jpg,0
11880.jpg,0
11881.jpg,0
11882.jpg,0
11883.jpg,0
11885.jpg,0
11889.jpg,0
11895.jpg,0
11896.jpg,0
11898.jpg,0
11899.jpg,0
11900.jpg,0
11901.jpg,0
11905.jpg,0
11906.jpg,0
11907.jpg,0
11908.jpg,0
11909.jpg,0
11910.jpg,0
11911.jpg,0
11912.jpg,0
11913.jpg,0
11914.jpg,0
11915.jpg,0
11916.jpg,0
11918.jpg,0
11919.jpg,0
11920.jpg,0
11921.jpg,0
11923.jpg,0
11926.jpg,0
11927.jpg,0
11928.jpg,0
11929.jpg,0
11932.jpg,0
11934.jpg,0
11935.jpg,0
11936.jpg,0
11937.jpg,0
11938.jpg,0
11939.jpg,0
11940.jpg,0
11941.jpg,0
11942.jpg,0
11944.jpg,0
11945.jpg,0
11946.jpg,0
11949.jpg,0
11950.jpg,0
11953.jpg,0
11954.jpg,0
11955.jpg,0
11956.jpg,0
11960.jpg,0
11962.jpg,0
11966.jpg,0
11967.jpg,0
11968.jpg,0
11972.jpg,0
11973.jpg,0
11974.jpg,0
11975.jpg,0
11976.jpg,0
11977.jpg,0
11978.jpg,0
11979.jpg,0
11981.jpg,0
11982.jpg,0
11984.jpg,0
11985.jpg,0
11987.jpg,0
11989.jpg,0
11991.jpg,0
11992.jpg,0
11994.jpg,0
11995.jpg,0
11996.jpg,0
11998.jpg,0
11999.jpg,0
12001.jpg,0
12005.jpg,0
12008.jpg,0
12009.jpg,0
12010.jpg,0
12011.jpg,0
12012.jpg,0
12015.jpg,0
12017.jpg,0
12018.jpg,0
12019.jpg,0
12021.jpg,0
12022.jpg,0
12023.jpg,0
12024.jpg,0
12025.jpg,0
12026.jpg,0
12028.jpg,0
12029.jpg,0
12030.jpg,0
12031.jpg,0
12033.jpg,0
12035.jpg,0
12037.jpg,0
12040.jpg,0
12042.jpg,0
12043.jpg,0
12044.jpg,0
12047.jpg,0
12048.jpg,0
12049.jpg,0
12050.jpg,0
12056.jpg,0
12057.jpg,0
12058.jpg,0
12059.jpg,0
12068.jpg,0
12069.jpg,0
12070.jpg,0
12073.jpg,0
12075.jpg,0
12076.jpg,0
12079.jpg,0
12080.jpg,0
12081.jpg,0
12082.jpg,0
12084.jpg,0
12086.jpg,0
12087.jpg,0
12088.jpg,0
12090.jpg,0
12092.jpg,0
12095.jpg,0
12096.jpg,0
12097.jpg,0
12098.jpg,0
12099.jpg,0
12100.jpg,0
12102.jpg,0
12105.jpg,0
12106.jpg,0
12108.jpg,0
12109.jpg,0
12110.jpg,0
12111.jpg,0
12114.jpg,0
12115.jpg,0
12116.jpg,0
12118.jpg,0
12119.jpg,0
12120.jpg,0
12121.jpg,0
12122.jpg,0
12123.jpg,0
12126.jpg,0
12129.jpg,0
12130.jpg,0
12131.jpg,0
12133.jpg,0
12134.jpg,0
12135.jpg,0
12137.jpg,0
12138.jpg,0
12139.jpg,0
12142.jpg,0
12143.jpg,0
12144.jpg,0
12145.jpg,0
12146.jpg,0
12153.jpg,0
12155.jpg,0
12156.jpg,0
12157.jpg,0
12158.jpg,0
12159.jpg,0
12163.jpg,0
12164.jpg,0
12165.jpg,0
12168.jpg,0
12169.jpg,0
12172.jpg,0
12174.jpg,0
12176.jpg,0
12177.jpg,0
12179.jpg,0
12180.jpg,0
12181.jpg,0
12183.jpg,0
12184.jpg,0
12185.jpg,0
12188.jpg,0
12189.jpg,0
12191.jpg,0
12192.jpg,0
12193.jpg,0
12194.jpg,0
12199.jpg,0
12202.jpg,0
12203.jpg,0
12204.jpg,0
12206.jpg,0
12207.jpg,0
12209.jpg,0
12210.jpg,0
12211.jpg,0
12215.jpg,0
12217.jpg,0
12218.jpg,0
12219.jpg,0
12220.jpg,0
12224.jpg,0
12225.jpg,0
12227.jpg,0
12229.jpg,0
12233.jpg,0
12234.jpg,0
12235.jpg,0
12237.jpg,0
12239.jpg,0
12240.jpg,0
12241.jpg,0
12242.jpg,0
12244.jpg,0
12245.jpg,0
12246.jpg,0
12247.jpg,0
12249.jpg,0
12250.jpg,0
12252.jpg,0
12253.jpg,0
12255.jpg,0
12256.jpg,0
12257.jpg,0
12258.jpg,0
12259.jpg,0
12261.jpg,0
12262.jpg,0
12263.jpg,0
12264.jpg,0
12265.jpg,0
12266.jpg,0
12269.jpg,0
12272.jpg,0
12273.jpg,0
12278.jpg,0
12279.jpg,0
12281.jpg,0
12282.jpg,0
12283.jpg,0
12284.jpg,0
12285.jpg,0
12287.jpg,0
12289.jpg,0
12290.jpg,0
12291.jpg,0
12292.jpg,0
12293.jpg,0
12295.jpg,0
12296.jpg,0
12297.jpg,0
12298.jpg,0
12299.jpg,0
12300.jpg,0
12303.jpg,0
12304.jpg,0
12307.jpg,0
12308.jpg,0
12309.jpg,0
12310.jpg,0
12311.jpg,0
12312.jpg,0
12313.jpg,0
12314.jpg,0
12315.jpg,0
12316.jpg,0
12318.jpg,0
12319.jpg,0
12323.jpg,0
12324.jpg,0
12328.jpg,0
12329.jpg,0
12330.jpg,0
12332.jpg,0
12333.jpg,0
12334.jpg,0
12338.jpg,0
12340.jpg,0
12341.jpg,0
12342.jpg,0
12343.jpg,0
12344.jpg,0
12345.jpg,0
12346.jpg,0
12349.jpg,0
12354.jpg,0
12355.jpg,0
12357.jpg,0
12359.jpg,0
12361.jpg,0
12364.jpg,0
12365.jpg,0
12368.jpg,0
12369.jpg,0
12370.jpg,0
12371.jpg,0
12372.jpg,0
12373.jpg,0
12374.jpg,0
12375.jpg,0
12378.jpg,0
12379.jpg,0
12380.jpg,0
12381.jpg,0
12382.jpg,0
12385.jpg,0
12386.jpg,0
12387.jpg,0
12390.jpg,0
12391.jpg,0
12392.jpg,0
12395.jpg,0
12396.jpg,0
12398.jpg,0
12399.jpg,0
12403.jpg,0
12404.jpg,0
12406.jpg,0
12407.jpg,0
12408.jpg,0
12410.jpg,0
12412.jpg,0
12413.jpg,0
12414.jpg,0
12417.jpg,0
12419.jpg,0
12420.jpg,0
12421.jpg,0
12423.jpg,0
12425.jpg,0
12426.jpg,0
12427.jpg,0
12428.jpg,0
12429.jpg,0
12434.jpg,0
12438.jpg,0
12440.jpg,0
12443.jpg,0
12444.jpg,0
12447.jpg,0
12448.jpg,0
12449.jpg,0
12452.jpg,0
12454.jpg,0
12455.jpg,0
12460.jpg,0
12465.jpg,0
12466.jpg,0
12467.jpg,0
12468.jpg,0
12469.jpg,0
12475.jpg,0
12476.jpg,0
12478.jpg,0
12479.jpg,0
12484.jpg,0
12486.jpg,0
12487.jpg,0
12488.jpg,0
12489.jpg,0
12492.jpg,0
12493.jpg,0
12495.jpg,0
12496.jpg,0
12498.jpg,0
12499.jpg,0
12500.jpg,0
12502.jpg,0
12503.jpg,0
12505.jpg,0
12506.jpg,0
12509.jpg,0
12510.jpg,0
12513.jpg,0
12514.jpg,0
12515.jpg,0
12516.jpg,0
12518.jpg,0
12520.jpg,0
12522.jpg,0
12523.jpg,0
12524.jpg,0
12525.jpg,0
12526.jpg,0
12527.jpg,0
12528.jpg,0
12529.jpg,0
12530.jpg,0
12531.jpg,0
12536.jpg,0
12537.jpg,0
12538.jpg,0
12539.jpg,0
12540.jpg,0
12541.jpg,0
12542.jpg,0
12543.jpg,0
12544.jpg,0
12545.jpg,0
12550.jpg,0
12552.jpg,0
12555.jpg,0
12556.jpg,0
12558.jpg,0
12560.jpg,0
12564.jpg,0
12566.jpg,0
12567.jpg,0
12568.jpg,0
12569.jpg,0
12570.jpg,0
12571.jpg,0
12572.jpg,0
12574.jpg,0
12575.jpg,0
12576.jpg,0
12577.jpg,0
12581.jpg,0
12582.jpg,0
12583.jpg,0
12584.jpg,0
12586.jpg,0
12587.jpg,0
12588.jpg,0
12591.jpg,0
12592.jpg,0
12593.jpg,0
12595.jpg,0
12596.jpg,0
12597.jpg,0
12599.jpg,0
12600.jpg,0
12602.jpg,0
12603.jpg,0
12604.jpg,0
12605.jpg,0
12608.jpg,0
12609.jpg,0
12610.jpg,0
12611.jpg,0
12612.jpg,0
12613.jpg,0
12614.jpg,0
12615.jpg,0
12616.jpg,0
12617.jpg,0
12620.jpg,0
12623.jpg,0
12626.jpg,0
12629.jpg,0
12630.jpg,0
12631.jpg,0
12633.jpg,0
12636.jpg,0
12638.jpg,0
12639.jpg,0
12640.jpg,0
12641.jpg,0
12642.jpg,0
12643.jpg,0
12644.jpg,0
12651.jpg,0
12652.jpg,0
12654.jpg,0
12656.jpg,0
12657.jpg,0
12658.jpg,0
12659.jpg,0
12660.jpg,0
12662.jpg,0
12664.jpg,0
12665.jpg,0
12666.jpg,0
12667.jpg,0
12668.jpg,0
12670.jpg,0
12671.jpg,0
12672.jpg,0
12673.jpg,0
12676.jpg,0
12677.jpg,0
12681.jpg,0
12682.jpg,0
12683.jpg,0
12690.jpg,0
12691.jpg,0
12693.jpg,0
12694.jpg,0
12695.jpg,0
12696.jpg,0
12697.jpg,0
12699.jpg,0
12701.jpg,0
12703.jpg,0
12705.jpg,0
12707.jpg,0
12708.jpg,0
12711.jpg,0
12713.jpg,0
12717.jpg,0
12718.jpg,0
12719.jpg,0
12722.jpg,0
12724.jpg,0
12726.jpg,0
12727.jpg,0
12729.jpg,0
12733.jpg,0
12734.jpg,0
12735.jpg,0
12736.jpg,0
12738.jpg,0
12739.jpg,0
12742.jpg,0
12744.jpg,0
12745.jpg,0
12749.jpg,0
12751.jpg,0
12754.jpg,0
12755.jpg,0
12756.jpg,0
12757.jpg,0
12758.jpg,0
12760.jpg,0
12761.jpg,0
12762.jpg,0
12763.jpg,0
12764.jpg,0
12765.jpg,0
12766.jpg,0
12767.jpg,0
12768.jpg,0
12769.jpg,0
12771.jpg,0
12772.jpg,0
12773.jpg,0
12775.jpg,0
12777.jpg,0
12778.jpg,0
12779.jpg,0
12780.jpg,0
12782.jpg,0
12784.jpg,0
12785.jpg,0
12786.jpg,0
12787.jpg,0
12789.jpg,0
12792.jpg,0
12793.jpg,0
12795.jpg,0
12796.jpg,0
12797.jpg,0
12798.jpg,0
12800.jpg,0
12803.jpg,0
12806.jpg,0
12809.jpg,0
12810.jpg,0
12811.jpg,0
12812.jpg,0
12814.jpg,0
12817.jpg,0
12818.jpg,0
12821.jpg,0
12822.jpg,0
12823.jpg,0
12824.jpg,0
12825.jpg,0
12828.jpg,0
12829.jpg,0
12830.jpg,0
12831.jpg,0
12832.jpg,0
12834.jpg,0
12835.jpg,0
12836.jpg,0
12837.jpg,0
12838.jpg,0
12839.jpg,0
12841.jpg,0
12842.jpg,0
12844.jpg,0
12845.jpg,0
12846.jpg,0
12847.jpg,0
12848.jpg,0
12849.jpg,0
12851.jpg,0
12852.jpg,0
12853.jpg,0
12854.jpg,0
12855.jpg,0
12858.jpg,0
12860.jpg,0
12862.jpg,0
12863.jpg,0
12865.jpg,0
12866.jpg,0
12867.jpg,0
12869.jpg,0
12872.jpg,0
12873.jpg,0
12877.jpg,0
12879.jpg,0
12881.jpg,0
12882.jpg,0
12884.jpg,0
12885.jpg,0
12886.jpg,0
12888.jpg,0
12890.jpg,0
12892.jpg,0
12894.jpg,0
12896.jpg,0
12898.jpg,0
12900.jpg,0
12903.jpg,0
12904.jpg,0
12905.jpg,0
12907.jpg,0
12908.jpg,0
12909.jpg,0
12911.jpg,0
12912.jpg,0
12915.jpg,0
12917.jpg,0
12918.jpg,0
12920.jpg,0
12921.jpg,0
12923.jpg,0
12925.jpg,0
12926.jpg,0
12927.jpg,0
12928.jpg,0
12932.jpg,0
12933.jpg,0
12934.jpg,0
12935.jpg,0
12937.jpg,0
12938.jpg,0
12939.jpg,0
12943.jpg,0
12945.jpg,0
12948.jpg,0
12950.jpg,0
12951.jpg,0
12953.jpg,0
12956.jpg,0
12961.jpg,0
12963.jpg,0
12965.jpg,0
12966.jpg,0
12967.jpg,0
12969.jpg,0
12970.jpg,0
12972.jpg,0
12974.jpg,0
12975.jpg,0
12976.jpg,0
12977.jpg,0
12978.jpg,0
12983.jpg,0
12984.jpg,0
12985.jpg,0
12986.jpg,0
12991.jpg,0
12993.jpg,0
12998.jpg,0
12999.jpg,0
13001.jpg,0
13003.jpg,0
13004.jpg,0
13005.jpg,0
13007.jpg,0
13009.jpg,0
13010.jpg,0
13011.jpg,0
13012.jpg,0
13016.jpg,0
13018.jpg,0
13019.jpg,0
13021.jpg,0
13022.jpg,0
13023.jpg,0
13025.jpg,0
13026.jpg,0
13030.jpg,0
13031.jpg,0
13033.jpg,0
13037.jpg,0
13038.jpg,0
13039.jpg,0
13040.jpg,0
13041.jpg,0
13042.jpg,0
13045.jpg,0
13047.jpg,0
13049.jpg,0
13052.jpg,0
13053.jpg,0
13054.jpg,0
13056.jpg,0
13059.jpg,0
13060.jpg,0
13062.jpg,0
13063.jpg,0
13065.jpg,0
13066.jpg,0
13067.jpg,0
13068.jpg,0
13069.jpg,0
13072.jpg,0
13073.jpg,0
13075.jpg,0
13076.jpg,0
13077.jpg,0
13081.jpg,0
13082.jpg,0
13084.jpg,0
13085.jpg,0
13086.jpg,0
13087.jpg,0
13088.jpg,0
13090.jpg,0
13095.jpg,0
13097.jpg,0
13098.jpg,0
13099.jpg,0
13100.jpg,0
13101.jpg,0
13103.jpg,0
13104.jpg,0
13105.jpg,0
13107.jpg,0
13108.jpg,0
13109.jpg,0
13110.jpg,0
13111.jpg,0
13112.jpg,0
13113.jpg,0
13116.jpg,0
13117.jpg,0
13122.jpg,0
13123.jpg,0
13124.jpg,0
13125.jpg,0
13126.jpg,0
13127.jpg,0
13128.jpg,0
13130.jpg,0
13131.jpg,0
13133.jpg,0
13136.jpg,0
13137.jpg,0
13138.jpg,0
13142.jpg,0
13143.jpg,0
13144.jpg,0
13147.jpg,0
13149.jpg,0
13151.jpg,0
13152.jpg,0
13158.jpg,0
13160.jpg,0
13164.jpg,0
13165.jpg,0
13166.jpg,0
13167.jpg,0
13169.jpg,0
13170.jpg,0
13171.jpg,0
13173.jpg,0
13174.jpg,0
13176.jpg,0
13177.jpg,0
13178.jpg,0
13179.jpg,0
13180.jpg,0
13181.jpg,0
13182.jpg,0
13184.jpg,0
13188.jpg,0
13189.jpg,0
13190.jpg,0
13192.jpg,0
13194.jpg,0
13195.jpg,0
13198.jpg,0
13199.jpg,0
13200.jpg,0
13203.jpg,0
13204.jpg,0
13207.jpg,0
13208.jpg,0
13209.jpg,0
13210.jpg,0
13211.jpg,0
13213.jpg,0
13214.jpg,0
13215.jpg,0
13217.jpg,0
13218.jpg,0
13219.jpg,0
13220.jpg,0
13222.jpg,0
13224.jpg,0
13225.jpg,0
13226.jpg,0
13227.jpg,0
13229.jpg,0
13231.jpg,0
13234.jpg,0
13236.jpg,0
13238.jpg,0
13239.jpg,0
13241.jpg,0
13243.jpg,0
13247.jpg,0
13248.jpg,0
13249.jpg,0
13251.jpg,0
13255.jpg,0
13257.jpg,0
13261.jpg,0
13263.jpg,0
13264.jpg,0
13265.jpg,0
13266.jpg,0
13267.jpg,0
13268.jpg,0
13272.jpg,0
13273.jpg,0
13274.jpg,0
13276.jpg,0
13278.jpg,0
13279.jpg,0
13280.jpg,0
13285.jpg,0
13286.jpg,0
13288.jpg,0
13290.jpg,0
13291.jpg,0
13292.jpg,0
13293.jpg,0
13294.jpg,0
13296.jpg,0
13297.jpg,0
13298.jpg,0
13299.jpg,0
13301.jpg,0
13302.jpg,0
13303.jpg,0
13307.jpg,0
13312.jpg,0
13313.jpg,0
13314.jpg,0
13315.jpg,0
13316.jpg,0
13321.jpg,0
13322.jpg,0
13323.jpg,0
13324.jpg,0
13325.jpg,0
13327.jpg,0
13328.jpg,0
13329.jpg,0
13330.jpg,0
13332.jpg,0
13335.jpg,0
13337.jpg,0
13339.jpg,0
13343.jpg,0
13345.jpg,0
13347.jpg,0
13348.jpg,0
13349.jpg,0
13351.jpg,0
13352.jpg,0
13355.jpg,0
13356.jpg,0
13357.jpg,0
13358.jpg,0
13360.jpg,0
13363.jpg,0
13364.jpg,0
13366.jpg,0
13368.jpg,0
13369.jpg,0
13371.jpg,0
13372.jpg,0
13374.jpg,0
13376.jpg,0
13380.jpg,0
13381.jpg,0
13382.jpg,0
13383.jpg,0
13384.jpg,0
13385.jpg,0
13386.jpg,0
13390.jpg,0
13395.jpg,0
13397.jpg,0
13399.jpg,0
13401.jpg,0
13402.jpg,0
13403.jpg,0
13405.jpg,0
13406.jpg,0
13407.jpg,0
13410.jpg,0
13411.jpg,0
13414.jpg,0
13415.jpg,0
13416.jpg,0
13420.jpg,0
13421.jpg,0
13422.jpg,0
13425.jpg,0
13426.jpg,0
13427.jpg,0
13428.jpg,0
13429.jpg,0
13430.jpg,0
13431.jpg,0
13432.jpg,0
13433.jpg,0
13436.jpg,0
13438.jpg,0
13439.jpg,0
13440.jpg,0
13441.jpg,0
13443.jpg,0
13445.jpg,0
13448.jpg,0
13449.jpg,0
13450.jpg,0
13454.jpg,0
13458.jpg,0
13459.jpg,0
13461.jpg,0
13462.jpg,0
13463.jpg,0
13464.jpg,0
13465.jpg,0
13466.jpg,0
13468.jpg,0
13470.jpg,0
13471.jpg,0
13474.jpg,0
13475.jpg,0
13476.jpg,0
13478.jpg,0
13479.jpg,0
13481.jpg,0
13482.jpg,0
13484.jpg,0
13485.jpg,0
13486.jpg,0
13491.jpg,0
13492.jpg,0
13493.jpg,0
13494.jpg,0
13495.jpg,0
13497.jpg,0
13499.jpg,0
13501.jpg,0
13502.jpg,0
13503.jpg,0
13504.jpg,0
13505.jpg,0
13506.jpg,0
13509.jpg,0
13511.jpg,0
13512.jpg,0
13515.jpg,0
13516.jpg,0
13519.jpg,0
13521.jpg,0
13522.jpg,0
13524.jpg,0
13526.jpg,0
13527.jpg,0
13528.jpg,0
13540.jpg,0
13541.jpg,0
13543.jpg,0
13544.jpg,0
13546.jpg,0
13547.jpg,0
13550.jpg,0
13553.jpg,0
13556.jpg,0
13557.jpg,0
13559.jpg,0
13561.jpg,0
13566.jpg,0
13567.jpg,0
13569.jpg,0
13571.jpg,0
13572.jpg,0
13573.jpg,0
13576.jpg,0
13577.jpg,0
13578.jpg,0
13579.jpg,0
13582.jpg,0
13583.jpg,0
13584.jpg,0
13585.jpg,0
13588.jpg,0
13589.jpg,0
13591.jpg,0
13594.jpg,0
13595.jpg,0
13597.jpg,0
13598.jpg,0
13599.jpg,0
13600.jpg,0
13603.jpg,0
13604.jpg,0
13610.jpg,0
13612.jpg,0
13613.jpg,0
13614.jpg,0
13615.jpg,0
13616.jpg,0
13619.jpg,0
13621.jpg,0
13622.jpg,0
13623.jpg,0
13626.jpg,0
13630.jpg,0
13631.jpg,0
13632.jpg,0
13633.jpg,0
13635.jpg,0
13636.jpg,0
13637.jpg,0
13638.jpg,0
13640.jpg,0
13641.jpg,0
13643.jpg,0
13645.jpg,0
13646.jpg,0
13647.jpg,0
13649.jpg,0
13651.jpg,0
13652.jpg,0
13653.jpg,0
13654.jpg,0
13655.jpg,0
13658.jpg,0
13659.jpg,0
13663.jpg,0
13664.jpg,0
13667.jpg,0
13668.jpg,0
13669.jpg,0
13670.jpg,0
13673.jpg,0
13674.jpg,0
13675.jpg,0
13676.jpg,0
13680.jpg,0
13681.jpg,0
13682.jpg,0
13683.jpg,0
13684.jpg,0
13685.jpg,0
13686.jpg,0
13687.jpg,0
13689.jpg,0
13693.jpg,0
13694.jpg,0
13695.jpg,0
13700.jpg,0
13702.jpg,0
13704.jpg,0
13706.jpg,0
13708.jpg,0
13712.jpg,0
13713.jpg,0
13714.jpg,0
13715.jpg,0
13718.jpg,0
13721.jpg,0
13722.jpg,0
13724.jpg,0
13726.jpg,0
13728.jpg,0
13731.jpg,0
13732.jpg,0
13733.jpg,0
13735.jpg,0
13737.jpg,0
13739.jpg,0
13744.jpg,0
13745.jpg,0
13746.jpg,0
13747.jpg,0
13748.jpg,0
13750.jpg,0
13752.jpg,0
13753.jpg,0
13754.jpg,0
13755.jpg,0
13756.jpg,0
13758.jpg,0
13759.jpg,0
13760.jpg,0
13761.jpg,0
13765.jpg,0
13767.jpg,0
13768.jpg,0
13770.jpg,0
13771.jpg,0
13772.jpg,0
13773.jpg,0
13774.jpg,0
13775.jpg,0
13776.jpg,0
13777.jpg,0
13778.jpg,0
13779.jpg,0
13784.jpg,0
13786.jpg,0
13789.jpg,0
13791.jpg,0
13792.jpg,0
13793.jpg,0
13795.jpg,0
13797.jpg,0
13799.jpg,0
13805.jpg,0
13808.jpg,0
13809.jpg,0
13810.jpg,0
13811.jpg,0
13813.jpg,0
13814.jpg,0
13815.jpg,0
13818.jpg,0
13820.jpg,0
13821.jpg,0
13822.jpg,0
13823.jpg,0
13824.jpg,0
13825.jpg,0
13827.jpg,0
13829.jpg,0
13831.jpg,0
13833.jpg,0
13835.jpg,0
13837.jpg,0
13838.jpg,0
13839.jpg,0
13840.jpg,0
13841.jpg,0
13842.jpg,0
13844.jpg,0
13847.jpg,0
13848.jpg,0
13850.jpg,0
13853.jpg,0
13856.jpg,0
13860.jpg,0
13861.jpg,0
13862.jpg,0
13865.jpg,0
13873.jpg,0
13874.jpg,0
13876.jpg,0
13877.jpg,0
13880.jpg,0
13883.jpg,0
13884.jpg,0
13885.jpg,0
13886.jpg,0
13887.jpg,0
13888.jpg,0
13889.jpg,0
13893.jpg,0
13894.jpg,0
13895.jpg,0
13896.jpg,0
13897.jpg,0
13899.jpg,0
13901.jpg,0
13902.jpg,0
13905.jpg,0
13906.jpg,0
13908.jpg,0
13909.jpg,0
13910.jpg,0
13914.jpg,0
13915.jpg,0
13916.jpg,0
13918.jpg,0
13920.jpg,0
13921.jpg,0
13922.jpg,0
13923.jpg,0
13926.jpg,0
13931.jpg,0
13932.jpg,0
13933.jpg,0
13935.jpg,0
13937.jpg,0
13938.jpg,0
13939.jpg,0
13943.jpg,0
13947.jpg,0
13949.jpg,0
13950.jpg,0
13951.jpg,0
13952.jpg,0
13953.jpg,0
13954.jpg,0
13955.jpg,0
13956.jpg,0
13959.jpg,0
13963.jpg,0
13965.jpg,0
13966.jpg,0
13967.jpg,0
13968.jpg,0
13969.jpg,0
13970.jpg,0
13971.jpg,0
13972.jpg,0
13976.jpg,0
13979.jpg,0
13981.jpg,0
13984.jpg,0
13988.jpg,0
13989.jpg,0
13991.jpg,0
13992.jpg,0
13993.jpg,0
13994.jpg,0
13995.jpg,0
13996.jpg,0
13998.jpg,0
