row_id,target
row_46ad1afad8562239f79c,0.7909199522102748
row_b42ade9cd57b8d919acb,0.8103345280764636
row_c951cd5e197b6b4e8b83,0.28106332138590207
row_a54b3423760d599416ce,0.08482676224611709
row_a87c87cc47690e2a303f,0.8951612903225806
row_ed4ebd22745eb750fb85,0.7880824372759857
row_a9274d52b5b258adc867,0.15890083632019117
row_ce5ec3e8b85ad36bd3dc,0.05376344086021506
row_6893a3fde5d281930331,0.053315412186379925
row_edf1956cd38509ad1888,0.04077060931899642
row_75f1bccbe4d6cb9d05c0,0.48118279569892475
row_ce2f426e76c3d4513b50,0.9405615292712067
row_3cc9230279a89a942438,0.04420549581839905
row_745b9158d6afc688d931,0.8067502986857825
row_7a7fcaf5e8b9452d55ff,0.010454002389486261
row_b5e2bb375c12e8b1b126,0.703405017921147
row_1032f6fdb6bd11d81e21,0.8240740740740741
row_3ccd4b59c5dbaa032fbd,0.12962962962962962
row_efcb8692fafa82276103,0.29091995221027483
row_95642ab53e4b19ee8012,0.2732974910394265
row_2deace75b26893cba73a,0.5654121863799283
row_febd0353f0f980836c50,0.5155316606929511
row_54a3bc4f53201c891d97,0.23596176821983272
row_898bf4620aff85e7f8fb,0.39874551971326166
row_66931b8d76f9ea0a7061,0.6557646356033454
row_8ba52f35138d2dff072f,0.27942054958183987
row_84b133fc774fe3f569ed,0.91636798088411
row_c6a29203cf5bc663adc7,0.9218936678614097
row_9e3fe42d1ac4f6f62a53,0.19638590203106332
row_d35acf43bf8b08562d8a,0.9054659498207885
row_129b0b57276954d9391e,0.6651732377538829
row_6dfe423457fd8f54a9f1,0.33393070489844684
row_1d13c841faeb2ba03e87,0.4190561529271207
row_bcabc2b8c221813bac85,0.6586021505376344
row_80790998b8837feb3cb2,0.5409199522102748
row_c8ea0525324d0f96358b,0.21161887694145762
row_aebc6f262f2c819cf947,0.3201911589008363
row_d592a4153faccdfbbbf1,0.0925925925925926
row_6ba39c3b84fb9e69b3c9,0.3434886499402629
row_84c17d4badd25f49ccf0,0.9289127837514934
row_a99e3a61c07eab6ec3be,0.7001194743130227
row_4479e98c6d0f19f942bc,0.6185782556750299
row_e55cdb7ff548aa56b8f4,0.33602150537634407
row_716b1ba7645ef5d0d20e,0.05913978494623656
row_01f81ae4cd440217ba26,0.8702210274790921
row_e9782dc07574decf2370,0.9320489844683393
row_ccf40547c33aafa0919a,0.6586021505376345
row_9e83942c7683ae339453,0.7631421744324971
row_9eb0686b64b69040c6e8,0.3879928315412186
row_0b8e111d91b87b2bf6cc,0.49880525686977295
row_132312f808ad5afeb85e,0.37335722819593786
row_b0cb7dc7f6b131aabc63,0.42532855436081246
row_b84532258d5f9edd2fb5,0.5722819593787335
row_36e5d3eaa67a85de9629,0.27942054958183987
row_72dbd12ba8366d33c41e,0.31899641577060933
row_014ed26428ea7c0e5038,0.8560334528076464
row_b17eb4f95f706cf02e43,0.3172043010752688
row_3662e6b7260f050c2171,0.572879330943847
row_001902413aeabee7baea,0.6983273596176822
row_cd8fcc870efa9a3d7177,0.6547192353643967
row_bf351867ccca6bfa1cfd,0.1947431302270012
row_376ad3b6ee1789f7cf45,0.706989247311828
row_bd8f832dceb2c365bb97,0.31989247311827956
row_d6ccf0fcd5c6361b8422,0.23327359617682197
row_21c3fd0076674efbea3d,0.3109318996415771
row_3a5d685e725e0d1edfc6,0.02389486260454002
row_d941cdb66b5f71a4a522,0.5008960573476702
row_b87e9a3b0015f9fc10d8,0.9789426523297492
row_6b0b462f579f8f0f61f5,0.4790919952210275
row_e9a4699f10c7b1653a9a,0.5056750298685783
row_4aac5b1b20f3376b928a,0.8351254480286738
row_cd9b71cc42baa2c090c5,0.6036439665471923
row_ff6c5c740b07d66e9ed4,0.0739247311827957
row_816c5bee5d492b34b11d,0.41009557945041814
row_29866b0508ec8b50132f,0.13978494623655915
row_0c20e835cee0dff069f8,0.572879330943847
row_1711f459abe3b27a856c,0.5008960573476703
row_efc9cef8c1f3b37c5824,0.9105436081242533
row_25dd7d506f359a912cbf,0.9292114695340502
row_4db25fecf120844ee94a,0.7311827956989246
row_62d9b7f00b3364c2d1d5,0.6600955794504183
row_35b9cffb71dda10950c3,0.22491039426523296
row_73ba05b4684207c1b4c4,0.267921146953405
row_9070756a7643e4b87e47,0.7762843488649941
row_2a5b416e41165b4abcea,0.6845878136200717
row_31512d051c04b333ffa3,0.5931899641577061
row_40db8a6c8a11d6def55b,0.03046594982078853
row_af7656230b44f636b4ad,0.03375149342891279
row_c8e27f0a0bfea9b583e1,0.9377240143369175
row_0f6b2c88687385dae8f0,0.646505376344086
row_c1cf981bf94691d330c7,0.29689366786140975
row_44688c1b5a402ae84e89,0.1394862604540024
row_b187485b13d374959941,0.1977299880525687
row_ba8a1c2e4d72131d87ed,0.28255675029868577
row_863d70cbe8e361927f13,0.9281660692951016
row_d27a77d631c27b3f4947,0.32377538829151736
row_01b0d2ff21b4ba678b4d,0.13888888888888887
row_14c523ab600715fb1a7d,0.5215053763440861
row_8037c9a1d7d1a3fea833,0.25896057347670254
row_416e89831d1c39a2de82,0.853494623655914
row_acbeb44efd7932f6fbe4,0.3279569892473118
row_4356f33d28f3e84160b1,0.6385902031063321
row_361cacb5dfa5eb054f12,0.3333333333333333
row_e0f6c8db7bc565059e34,0.07646356033452807
row_8dfb357b43a5b4624391,0.35692951015531665
row_e8ed0c40503ed41b0cf5,0.03972520908004779
row_fa2b587edf117c70dbd4,0.08228793309438472
row_066751df1552c966dace,0.8206391875746716
row_b3f64dec120e1c871ae9,0.1105137395459976
row_4a3919518ade6f9706ce,0.31033452807646356
row_6b308ab9c1ed32351ccc,0.06556152927120669
row_7a2c80751c7cb62ebfa5,0.8070489844683393
row_ffc94ecd846d20b11e1a,0.9574372759856632
row_56c4fa090138eea34ddc,0.9269713261648745
row_37747256bd90bc4c689b,0.24731182795698925
row_c5b7dbb2cb98756df47a,0.5128434886499403
row_f9773247e85dcc25c8d4,0.8802270011947432
row_c02188605f61b2d79bc7,0.6487455197132617
row_a282cc21d6e29c5a2f74,0.10961768219832736
row_18e9dd40583d553ffbac,0.254778972520908
row_520bb567714c1c41e584,0.8064516129032256
row_c2f12cdbf7156fd722b9,0.10289725209080047
row_c00eaa313c1df94fb5b6,0.5970728793309439
row_d5ff5ce164609628a869,0.9232377538829151
row_5f6f846c27822a3028d1,0.40322580645161293
row_0b2da62b6d80e68f568a,0.9786439665471923
row_8576f186b192846d6ccc,0.8629032258064516
row_bbe129b1d54fc2a57ffa,0.09229390681003584
row_88cac732c5538b0c189b,0.06675627240143368
row_2f801c622292cfd6a779,0.6359020310633214
row_89cccd4bd67eb7f40fd9,0.7900238948626046
row_f7232adc048136fb9695,0.3393070489844683
row_b0d564d801cfbf445970,0.6597968936678614
row_9f6529be45258a9c12ed,0.9093488649940262
row_2caafeef0c1e8181828f,0.591099163679809
row_eb31fb023eb9a06ca09e,0.5689964157706093
row_feb062defdcf105f893f,0.1851851851851852
row_dce5ec057eb3e04dc4e0,0.6535244922341696
row_368c2f8e46caa4a4aed3,0.3118279569892473
row_52fdb56b8e12b73a6858,0.6123058542413381
row_83c471ba3789eacc27de,0.32646356033452806
row_20c01229c72ee4f5a03e,0.8706690561529271
row_cd9fd72fd396fa83bddd,0.9333930704898447
row_3d110a37a20f6905b76b,0.5098566308243727
row_5521f5beaabf6d361ca9,0.9783452807646356
row_cfadbc1cf8e85c35b134,0.27807646356033455
row_64c28deed20fcfc04fe9,0.7043010752688171
row_63766ac52de5f1289cab,0.9517622461170849
row_7109e876d3f0375ee4b2,0.21983273596176822
row_25d6bbe65d957886abaf,0.7798685782556749
row_162050660f123fbafc61,0.21206690561529273
row_22e19c18750b373f5dcb,0.05988649940262843
row_b56a7fae43650b2c5606,0.9507168458781362
row_7c1a0f0e3b157952807d,0.830346475507766
row_10e21aa70a4b2805caa0,0.8620071684587813
row_ee229f8a1f29f6ad4446,0.1574074074074074
row_992341b8582476ce0526,0.6505376344086021
row_d8f28a481ab4e9198ab0,0.5209080047789726
row_4f6ea520ec4eb16fab6e,0.05884109916367981
row_6124561ec75777077101,0.7694145758661888
row_4c062e745312f3b23709,0.9223416965352449
row_82ecc205bcac68e699ca,0.12903225806451613
row_865d6e26cb36b8616420,0.05182198327359618
row_c471f28fac2e5ab49e63,0.710573476702509
row_9682196c14f443bcad03,0.617831541218638
row_2a2b60d096d160cdf21b,0.30854241338112304
row_205ceff8a484e8a293f9,0.8593189964157707
row_6db149ba0516a5d8a0bf,0.7362604540023895
row_2f5fd8f924576dffe8a1,0.31899641577060933
row_f72cb1c1e02a4f93558b,0.421146953405018
row_d8fdb9a358635a6ee4f2,0.8591696535244923
row_fc6ec25ce7b8866342b7,0.41845878136200715
row_2402e411012384a36cd6,0.9026284348864994
row_039a7b6482a8a4dad932,0.7694145758661888
row_55badafacbb3b92af4cc,0.9795400238948626
row_26400948146ad183ae1d,0.28882915173237755
row_5fcbb69cc48f5c873569,0.8611111111111112
row_0cb9b01013ac362265d6,0.17532855436081243
row_82e7022e92d0ca4f5de3,0.8306451612903226
row_00ef58e628ffaa024409,0.37664277180406214
row_a5800c75352a7121ead0,0.660394265232975
row_02f7a0d2e3c7780af726,0.7043010752688171
row_51d391a9338094ebc771,0.9644563918757467
row_6539764243c577788def,0.8685782556750299
row_fbbde05b301ced3977fa,0.294205495818399
row_7f02c81158df95a7996f,0.6636798088410991
row_1831608aa1d9afaed222,0.7240143369175627
row_3249ae75ca4c375a3d1b,0.9168160095579451
row_e5e2adb0a85469042b25,0.10872162485065712
row_59bb361b8e34ef241c22,0.4979091995221028
row_d79cea44439d65df2033,0.5185185185185185
row_ba46323484dcb24be80d,0.7511947431302269
row_b77aec5f787e9525bebd,0.5782556750298685
row_e745adbc86d3157e31a4,0.7063918757467144
row_73dbe4d8e2ccb6fa6dfe,0.9233870967741935
row_07fa540824c041816cb8,0.739247311827957
row_a743af699e443e4271a0,0.030017921146953407
row_f6c6928634259daaa9b1,0.9669952210274791
row_57d9d1e1914e67df36bd,0.2013142174432497
row_07eb4f937e707894ceb7,0.033154121863799284
row_526be3965d85b649f1ec,0.042413381123058536
row_4e021844c04fb8d7f131,0.5931899641577062
row_43801b641bd97421d694,0.6260454002389486
row_53d17a8a552004df817f,0.6720430107526884
row_92dde0a37a77821fa8ba,0.3040621266427718
row_06134a4c68db4377d2f6,0.16666666666666666
row_981a081aaedb35cb3c67,0.8635005973715651
row_3eb7ba1ee0d9c4fa3a61,0.7138590203106333
row_c200c600bede0e0f7c3f,0.4444444444444444
row_2f4fada8a53b36c6bf30,0.5919952210274791
row_8a3e3ea6aadd737c8382,0.8318399044205496
row_5957f4642582969f8acc,0.8715651135005974
row_3d3a699c9b3a3c781ace,0.9081541218637992
row_5fb6367dcb028fb46961,0.07168458781362007
row_a2acb02785653fa33661,0.34109916367980886
row_6b27f5bdc2482fc3f193,0.6329151732377539
row_a64fe4d319a002ea6a1e,0.7395459976105139
row_faa298aaba39718875a1,0.038679808841099166
row_84d9cfcd8a5f69b716dc,0.24163679808841101
row_181d6ac0b3d5e51a638b,0.02956989247311828
row_2a747c6ca5b2c350550e,0.9640083632019115
row_50e3c8c241e335f02fee,0.6732377538829152
row_be8d9346f8d31ed60e8c,0.3906810035842294
row_fd3af2d4707e923a21ad,0.275089605734767
row_5895dc3448850642a7b4,0.5059737156511349
row_dfae3de9c5972657117a,0.49940262843488653
row_dd0a89eb44d0ab8503f7,0.162037037037037
row_fa2579529755fe0e9cc9,0.02150537634408602
row_992c81b92a7b02f668d8,0.8285543608124253
row_82d76250ad00dd468a90,0.29838709677419356
row_cb59d36f6c5f07d66667,0.4026284348864994
row_67423d5a70ecb36c89e0,0.5064217443249701
row_e010c1081eaf9dda626a,0.3155615292712067
row_8c0b134fb96c9b211903,0.45698924731182794
row_7a7f5954dc587b3d6270,0.2132616487455197
row_b17c4fb37e88137a0477,0.9080047789725209
row_8523fe810d05820397b0,0.1575567502986858
row_35deacf16e2f871b1b1b,0.6421744324970131
row_506cb9916dc5716c4cc3,0.7927120669056152
row_6e35fe29afb2f8eacb53,0.7219235364396654
row_a13a52625859f9ea11b6,0.7918160095579451
row_eece8e3d1919e747076e,0.8055555555555555
row_d5675f59792e99be5e13,0.7281959378733571
row_9fbfb8115bdb86ffdcf7,0.08572281959378732
row_f5f022e805ad6ab37a72,0.6188769414575866
row_53a6de0d9256bd4159ba,0.9604241338112306
row_2eeeedb12a9ac35c4282,0.7440262843488649
row_910e6b6c1df2c06d4d98,0.41218637992831547
row_4414d93935eea487b92c,0.7601553166069296
row_6c17dcc0e3a148710fe6,0.91084229390681
row_3f295eae1834266bfbea,0.02120669056152927
row_2d446a71197df0f23a8c,0.3488649940262844
row_21e55aba344ada9cbb6e,0.4223416965352449
row_f8272b934bf6c5e478d6,0.6693548387096775
row_ce50b73e71f57654499e,0.5881123058542413
row_0a6403cf6a74b87af937,0.39844683393070485
row_2df93a00ebb12912fd6d,0.2998805256869773
row_613735eb288754764f5e,0.18040621266427717
row_d9383bb05f8da5a278f1,0.8192951015531661
row_8bca928feeb5692daba5,0.2933094384707288
row_e8a091d6093859434a39,0.6299283154121864
row_1a73ffcfd1eefdcf5ce5,0.32735961768219835
row_d1fa9fccd52ac70e6aa0,0.9389187574671446
row_16322b898d7af2c61f9a,0.15890083632019114
row_96fad764492d86968673,0.10633213859020312
row_902ecb76ba089f236675,0.5543608124253284
row_229aa419ba57a8565d43,0.6615890083632019
row_e2e1e45a61c0513e4fa8,0.883363201911589
row_5b7669985fb5babfe9f2,0.09020310633213857
row_13764234eb0cd7e322e3,0.5068697729988052
row_720faf680ba37ad8c46d,0.6848864994026286
row_74b86939abacf6584436,0.15292712066905614
row_7056bb6471ab0e6e78df,0.5067204301075269
row_1fcd72dcbb03777624f9,0.9885005973715651
row_dab8dda06f0fddab5baa,0.8950119474313022
row_ed38c1c4f33e618a2bf7,0.6597968936678614
row_d2e6f50ddbd92a751c98,0.7219235364396654
row_3ba76ee8cef7f944592b,0.2637395459976105
row_d1b6490c24514537c648,0.255973715651135
row_10a541b26709ed934a8a,0.8358721624850657
row_ace706df020f08f0ac96,0.8661887694145758
row_f38e7442d512128a8e4b,0.19205495818399043
row_9bc34d33bcec017711a0,0.8505077658303465
row_bf785a0a89e3b186c7c6,0.3649940262843489
row_c302ffadb711c6c526c7,0.4056152927120669
row_51eb2b081d855ed6818d,0.1821983273596177
row_7b70293629f5b3aaa0e9,0.9187574671445639
row_5906fa8820772de471b5,0.6951911589008364
row_0fbe4db1735873a50e06,0.9876045400238948
row_fda4d1182ed148116715,0.4321983273596177
row_4757bb276ac88acd3057,0.2855436081242533
row_11b162f4dfc8b5f9a649,0.29360812425328553
row_4df6d28e023e1dffa824,0.8942652329749103
row_95d8123323dd2ffaf512,0.7102747909199522
row_0acf4e878f1bce808171,0.26851851851851855
row_273efab95fdb707f871e,0.09318996415770608
row_57f650afcab64ec7ced7,0.042413381123058536
row_aaac60f75cd2c484faae,0.1591995221027479
row_873d27a302f26dabf041,0.7777777777777777
row_737bb6359894beb52219,0.39157706093189965
row_a6869148e3880050421d,0.7347670250896058
row_2903693469a26df39506,0.9834229390681003
row_8722c179892743debc2c,0.24790919952210277
row_a9fc8a38661485e2dd7e,0.6367980884109916
row_52f248202ca2c7d42f3a,0.15830346475507764
row_cb1f6dfd45629df58b21,0.47013142174432493
row_08ce35e2fd0cc0d6d784,0.9033751493428913
row_bd52ff5752afcee5b78d,0.054211469534050184
row_87a1b90d5be55010ebac,0.8651433691756273
row_2c18d9af02803ac36383,0.35543608124253284
row_3957d46ab1f625f9f298,0.3960573476702509
row_6d665d1050ece8843867,0.45997610513739545
row_9706b978b1f4c3471b3d,0.15412186379928317
row_277e78c61157b689eed7,0.8497610513739545
row_37ca29fa66e7e431fb11,0.41845878136200715
row_50d7012892007bb5d7f9,0.9719235364396654
row_70f7b6748cec8d0b6a53,0.1502389486260454
row_f277c06d0a4ae2c31be4,0.5494324970131421
row_582d116d517b9cab05b6,0.24133811230585422
row_e46ab459e0b7e866f3dd,0.8237753882915174
row_10b75a21a4d2d671beef,0.7744922341696535
row_b0fd7f36eb0b3b05ecc6,0.9743130227001195
row_ce70fec95d8f898e2618,0.48984468339307047
row_b524b43840d29a54a88d,0.6439665471923537
row_bd5ba8dee61ffdfe7520,0.41487455197132617
row_7f2fb3bef548dedb9bd5,0.9023297491039427
row_86d5b6f6a1719f6a4f21,0.860215053763441
row_07609a4aaa310796d673,0.9399641577060933
row_1528e22851e92e08e1c0,0.4109916367980884
row_7271c3cc5f4de04d5c8e,0.784647550776583
row_ecba7793144657d17a35,0.3428912783751494
row_2e95adac8bff9bc4ed82,0.7628434886499402
row_6a1cf4a09c89d2eebf07,0.7989844683393071
row_795f8bfa94f8091fb6a8,0.49193548387096775
row_03fd30703d86c8c06060,0.08333333333333333
row_dd270306787d2b2de6c3,0.8950119474313022
row_5c9b9144e748648eb7b2,0.19967144563918757
row_512252652a06cdb10586,0.48775388291517324
row_582379bc2abf4b5a65b2,0.54136798088411
row_7651989fc1cc6b0746c9,0.42025089605734767
row_9da6b712cd2a79195942,0.7350657108721625
row_42860c8a9455dddeabfa,0.4265232974910395
row_51c0bbfae6a18752dfd5,0.8402031063321386
row_42ea14f81e936517f09e,0.29659498207885304
row_cc05f587ded96d65da33,0.3381123058542414
row_52667d948d4c29bf5ba0,0.7449223416965353
row_c62037dcd135639489cf,0.38022700119474306
row_a8a263dadf22266c9d4e,0.13172043010752688
row_f90cadf4ca73097469e8,0.8844086021505376
row_998d9bed155b124ff669,0.9218936678614099
row_d31d189fade519c777e2,0.5642174432497012
row_0265eb373140f37d0f28,0.36917562724014336
row_9598a7e43fe45e2b9727,0.47909199522102747
row_b5922f5f05e73056478d,0.5721326164874552
row_8a4e46e134ba2518382c,0.07467144563918757
row_2f3ec293eaae08a54178,0.8022700119474312
row_a11031b8320492ea4353,0.5812425328554361
row_4eabce69999fa46bed44,0.2906212664277181
row_b297988f0b2d0ae1ccc2,0.2649342891278375
row_8b427465a6aa78e2dc5f,0.15292712066905614
row_ce1495abd5931ce3ceac,0.08632019115890084
row_d6ac4ddc50cfdf037928,0.3706690561529271
row_d9ce9041964882126b1a,0.5152329749103942
row_23479495980dd2852ad2,0.31152927120669055
row_304347cd846d7dc6be00,0.3482676224611709
row_b6545651612c59860f15,0.4584826762246117
row_e4b48ad43e1bbd68739e,0.9601254480286738
row_6800eb87b09a0cbce7ae,0.1923536439665472
row_9427280991b66b43f550,0.4324970131421744
row_0fbe73fa553dea1026b7,0.5086618876941458
row_238c059eef830fe34865,0.038231780167264036
row_574c4eba33a3b0e2d07c,0.012096774193548388
row_0e0c072b8d61d34a710f,0.3790322580645162
row_7f67b47ef44af93e4d36,0.08228793309438472
row_785a4e0071b38524dd17,0.4318996415770609
row_b446e4c7b4bc3c80bd9f,0.04659498207885304
row_1d1692e9dfc217372168,0.5364396654719236
row_84fd83d3e7b9830e650a,0.8812724014336917
row_ac0f7743769f827a493c,0.3419952210274791
row_2d22966eec9b1ef905c4,0.6780167264038232
row_0db4ee4ee42d79e7402c,0.38620071684587814
row_75b85867ac0865eaf0c4,0.522700119474313
row_79d6bd549b61d25b3a4f,0.9511648745519713
row_06255435b4e7b86f407d,0.5073178016726404
row_a57a462b7408e0623561,0.35065710872162487
row_3466a7315079f23bca50,0.7538829151732379
row_a6428a4f9fffc8784ba5,0.20041816009557945
row_0b14d423b9f9bb50914a,0.08930704898446834
row_036cbb7e6342c7c99227,0.1412783751493429
row_419f3d22bd166a13b585,0.3366188769414576
row_7811f0bee59181d10fa4,0.7476105137395459
row_2266b0248249857d4c7c,0.8369175627240143
row_772a32d220b012c1519b,0.9365292712066906
row_3ead1994cfe963c14415,0.5766129032258065
row_b2829cad097267b19c39,0.9175627240143368
row_436168c292771f9e4f4f,0.6006571087216249
row_6568d2e45e3e04fe41d8,0.3933691756272401
row_863e5aa7da8e9fef2f94,0.7198327359617682
row_db42dc04216434dfccdc,0.5594384707287933
row_4fb62fa37be734cf513e,0.5594384707287933
row_fdb00084bec3214ff303,0.4387694145758662
row_98df07fbac3ff6cf79f6,0.4674432497013142
row_c09b83733ee57668fd66,0.615890083632019
row_897f562f3a924ca81312,0.2078853046594982
row_99567d1aec36c4286358,0.7084826762246118
row_32cb302701d4fcd79245,0.5994623655913979
row_dd0be59daf15b34db44b,0.546146953405018
row_4cbb9f9e57a25789e428,0.9619175627240143
row_e54cd24f084c87e2f31b,0.6974313022700119
row_fb0a340e3a667efc8909,0.34468339307048984
row_dc5affeb7a15c532f46e,0.3900836320191159
row_6fe2e5aa45eef80d5f38,0.6497909199522103
row_981d353d4762b747a208,0.22789725209080047
row_16a3783ea8b1b1c6cbf0,0.15666069295101553
row_a218c645a185cd4eea81,0.10244922341696534
row_0290795b1d8f6cc1d181,0.17951015531660694
row_ecee8bbd11762b899bb8,0.14695340501792115
row_6204e06fb49993d578ee,0.13172043010752688
row_92b3f56002f9bfa630ea,0.1508363201911589
row_7689a3118d0a86c02faf,0.21251493428912785
row_69eb98d21e01b625963f,0.2873357228195938
row_efd5c604032ab672184e,0.6364994026284349
row_9cd90a90e6215c9db159,0.49596774193548393
row_8b73244fce152ba0a8bc,0.2446236559139785
row_f08c717feb67973ca412,0.8954599761051374
row_72f1bac25890255ae4ad,0.6920549581839904
row_a619cc323fddf909737f,0.07616487455197132
row_c253bda60fce04f5601f,0.6732377538829152
row_70a9ab554aadf5f64833,0.3333333333333333
row_3870ccee3cb01de2ac89,0.6182795698924731
row_27879430f9760a0c5426,0.11648745519713262
row_a6a1e790023805e5431e,0.7243130227001195
row_09de52bebab9d3e52660,0.08273596176821983
row_e50b64c663b7457707f2,0.7897252090800477
row_9961d9fe8366d90114d1,0.45071684587813626
row_565a7c765a6e2c35e2d8,0.7290919952210274
row_e38ed13c9281f5eca5b5,0.18040621266427717
row_46ed3f2429e668bfb5fe,0.2825567502986858
row_b7242424f57692c16238,0.5782556750298685
row_be32e219a599b3d9ed42,0.1347072879330944
row_77da068cac4a6bbba9bc,0.6857825567502985
row_9096c0ccfbe570f6d96a,0.2640382317801672
row_d42e29227590fad36bbb,0.5506272401433692
row_8e7f7c4943a6b44f3aa6,0.5555555555555555
row_2a08a5a6a5719921a8f0,0.7482078853046595
row_ea67ce4c4b913f3869a6,0.16367980884109914
row_14b512eb04afbc1428e5,0.23715651135005975
row_c9ace0655064a146e3f1,0.2722520908004779
row_1b2b883635a77cbdd867,0.6221624850657109
row_737e816e8f04f1ddbe3b,0.7338709677419355
row_c6fa1484cddb9bf9e936,0.20489844683393074
row_ca6773ba20aeba328e4b,0.047491039426523295
row_a392fc602b1ab31a6d61,0.06137992831541219
row_e4d1708443ab33a9351c,0.5445041816009558
row_48ca7b8a12a8875d07b0,0.42891278375149344
row_8a1d324b2119baab8e91,0.8867980884109916
row_e789675fcdb5af13c0b5,0.7043010752688171
row_fa2b78675828f5a2dd52,0.660394265232975
row_be7f102e3988d0aa9129,0.07138590203106332
row_0a8b35fe9850339d7062,0.7744922341696535
row_2ace974f0fd249250145,0.2162485065710872
row_84c300ebe93b2013842d,0.17592592592592593
row_052dae56eaba835e515a,0.16547192353643966
row_0d81c4f66b6b83899d29,0.5692951015531661
row_4c1c6898e079f4299155,0.48267622461170845
row_3f0afba1080336c2ab83,0.5249402628434886
row_a2d46c289abd8bf760e2,0.8160095579450418
row_0ef63c8fff0b24c8287b,0.38769414575866185
row_2bcd1a32c9156e5fe149,0.8169056152927121
row_492fd952166c1efda21f,0.7419354838709676
row_b4cc59737db18aae4166,0.358273596176822
row_89e176ed1d44497f6b36,0.9226403823178017
row_a940c492fe11cac941bb,0.7553763440860215
row_9d0afbab860a0653d4b0,0.2653823178016726
row_7fc12daf7416b24d988b,0.887395459976105
row_28c44e9f5dd26bdf38ef,0.035543608124253286
row_6351b6f38e8afe1c4b09,0.31391875746714454
row_82560bbfce410866911c,0.9680406212664278
row_f5ef096ad83ce6cd1829,0.4321983273596177
row_2f789a5ae1b9ce719ab6,0.23058542413381122
row_82dd88b4dae96d21a4d0,0.7640382317801673
row_3d140bf41f8916f3c8b3,0.8452807646356032
row_6305e6df2bbf08e0f8b2,0.7873357228195937
row_607d0cfe83e9245253b1,0.06586021505376344
row_af7b2e19eff5bfd25797,0.035991636798088415
row_47726f44b84c17a05f5d,0.9490740740740741
row_4934d09c4204f97d1f0a,0.34796893667861406
row_55ff8eb3e3d68d39c51a,0.30167264038231784
row_3ec9a218da4ad9f7a1e8,0.16696535244922342
row_04765417f7eae568ec84,0.4241338112305854
row_5c9ecec7e7e110ca08b1,0.4889486260454003
row_02de48dae51a04b30b94,0.9553464755077657
row_942977285f944b4472d5,0.4236857825567502
row_bf8e4955c6038a59717d,0.282258064516129
row_4609bb41f0d561945e54,0.31795101553166066
row_8d22ae2a3e31b2bb8cde,0.16726403823178015
row_d40ed05c0b6b9b1dffbf,0.48476702508960573
row_a823c39ac288026a0212,0.8847072879330944
row_8347f4ed0f240d736c65,0.3897849462365592
row_0ae0a23d6ae7416a1395,0.7907706093189963
row_9392f7b86122b6c35e27,0.17025089605734767
row_5c3f44e6a984810db129,0.6502389486260455
row_021bc91f5859bfc7ea60,0.8864994026284349
row_175d8518b80c248b562e,0.8950119474313022
row_dc168b45b9de6fabfbf0,0.9314516129032259
row_2cccda2ee770692e73c6,0.18369175627240145
row_b14cd6b97f87de47a689,0.027927120669056154
row_9c36374367bbae35c9bf,0.18458781362007168
row_5d3d23ca2f59d591aee1,0.9157706093189963
row_14804d2ef76f2c4c588b,0.22371565113500594
row_01814f42f98b61aa3448,0.8985961768219832
row_4daff42780b51197c5b0,0.369026284348865
row_108080f5fdeffbd0a835,0.6633811230585424
row_8c5a0dbe3fccab34bfa3,0.4495221027479092
row_39b343f5f2b0b9e75bdb,0.38694743130227005
row_6cbc9a466ea6dcea4f8d,0.7235663082437277
row_ce6dce41d7dea4002234,0.5313620071684587
row_dca7dafb243762f4b023,0.6121565113500598
row_7c04d984723f9c66be0e,0.926373954599761
row_60d614d8c275bacd58ec,0.10588410991636799
row_42ebc78152e557dc7af9,0.894862604540024
row_c594e96a41f43ed822d2,0.4277180406212664
row_b97ea4993d29fbe4b277,0.32616487455197135
row_64c5f4007a82fe322041,0.20459976105137392
row_bd3fb7585f2d84413a74,0.8635005973715651
row_8337653610f11513ff3d,0.37873357228195936
row_5cda7378301dfed7ff6a,0.4631123058542413
row_427ac8b96de29e3a2573,0.4295101553166069
row_ba7ae77d29a135100d84,0.18130227001194743
row_a94c2f230f99275146c7,0.8151135005973716
row_d6f3c2230c5a0fe79aa3,0.8829151732377539
row_02728d07519aacf973b5,0.4271206690561529
row_05bfe406d4d101586ecf,0.13261648745519714
row_0fd59311486a420e971a,0.9059139784946236
row_dddbc280d6aef882243d,0.7697132616487455
row_eab442cea7ecc3a8ab2c,0.7939068100358422
row_7937f495ec2d37e7980f,0.07721027479091996
row_9187d794e8ae8aa92538,0.5666069295101553
row_8d225aa36e705fab1553,0.04659498207885304
row_53191e389177b74169f1,0.22849462365591397
row_b09326b5c8ce743bc60e,0.11320191158900839
row_b681cb7b81e99e6fc543,0.3697729988052569
row_d70f95c1d34404f821aa,0.5533154121863799
row_7396237d24a47d1ac049,0.28823178016726403
row_0239ffb20ba58418eddd,0.6067801672640382
row_6b1b83e0d6209d93844b,0.10648148148148147
row_ed4ac32f78fb0e101fb8,0.7080346475507765
row_319919e69a03bf17d283,0.04002389486260454
row_30a9e0179fec8f1e3367,0.8979988052568698
row_2df7d46961ff7affb1cf,0.02658303464755078
row_986d38c91de909e97753,0.7054958183990442
row_ba39041309d6d6c20ad3,0.03912783751493429
row_ffd5695b61faf3d3edf2,0.6281362007168458
row_e749f55e593c9f7c91d7,0.8594683393070489
row_74a753a197ef0efa1cf2,0.4244324970131421
row_89d1523d697841962384,0.9183094384707288
row_e7a47b248465ddbc4efe,0.5388291517323776
row_df001da5e97e1b095304,0.12634408602150538
row_1cea1e5767e251fb1531,0.9051672640382318
row_02eb60d717e1ed778c8e,0.7332735961768219
row_39a8a7928d3b7a5853ca,0.22879330943847073
row_dec2849e32b7103604b9,0.18936678614097968
row_ecd722e812299fb625f3,0.6375448028673835
row_9fadfb40f5e41da4d976,0.2777777777777778
row_2c6198db9fa81851a907,0.915621266427718
row_ae9e5e3a25856238b688,0.3409498207885304
row_c69f07c187b077d223da,0.7374551971326165
row_447b5aede80855a55da9,0.4336917562724014
row_9e5904f110281c8a0223,0.6517323775388291
row_f6a46444314378eb8958,0.6209677419354839
row_1bb1ec20f61f27784383,0.6030465949820788
row_3253674baeb8ac59f556,0.6117084826762246
row_3643db26b12310b47a9f,0.16965352449223414
row_93741177e61c34c3a1f4,0.9726702508960573
row_adf13449ea01d9bd52de,0.5462962962962963
row_8ddf6fc2fac9f88c6507,0.8264635603345281
row_8e55976e0f2dc54e7f08,0.13082437275985662
row_c142f5070ab75e837d80,0.3814217443249701
row_0e315ba0e3969215c025,0.29778972520908004
row_0086c85b29d4cd9c3664,0.4519115890083632
row_e6138fbabd770af109b9,0.4420549581839905
row_c18a1165e3d9c3754eb0,0.9663978494623656
row_7490eabaec6e19cc0482,0.4946236559139785
row_ae5293c9c5aaaf11d4d1,0.39934289127837513
row_de1e4c45a9413170609a,0.46714456391875747
row_268f14322f63aaacbce5,0.4369772998805257
row_364e1dba78e13a369e48,0.5997610513739545
row_56893b8619d24de94469,0.4489247311827957
row_74485bce18e7d96d25de,0.5689964157706093
row_0cec7ef0182670667cb9,0.044504181600955796
row_313dba87b5be3883e886,0.6314217443249701
row_149c6b56cbdb57d434a1,0.6185782556750299
row_79cdfae9b462885cb8f5,0.1196236559139785
row_449a8144163838601e0a,0.7278972520908006
row_dbe1069153ac2db286c6,0.29988052568697726
row_e949a7d99c8ab024ae03,0.8018219832735962
row_459b99d7e52958418ef8,0.49223416965352446
row_745513f5d2a2067e2c45,0.9550477897252091
row_29b0bb32a46c4535fb87,0.2664277180406213
row_ecb170924b443868e85a,0.26314217443249704
row_bc6e7b7dbf232e364107,0.4838709677419355
row_bbf39233aa62e926cd6a,0.671146953405018
row_df38904dfbbe10fa1621,0.5005973715651135
row_7d013d5698fb7bb55707,0.7658303464755077
row_05a19d5a6164520e9aa1,0.8757467144563919
row_b88dc54f0d0c851b6573,0.6221624850657108
row_05158b98f8f19d2f59c8,0.7029569892473119
row_573d4636b721be4d0871,0.5625746714456392
row_38d0e865ad2551194fd1,0.03464755077658303
row_f11102d2d02c7d08f4ae,0.892921146953405
row_45a4747d4e66f3149132,0.3112305854241338
row_2e2e221de3beb30cac1f,0.2574671445639188
row_cf92bf0879d98ce0892f,0.7774790919952211
row_b5a8eea4e61565fea8bb,0.6254480286738352
row_a79a50bf79f22fae1773,0.032407407407407406
row_e054f76f7c55721a4af8,0.16875746714456388
row_aac75891d7f2c5aeebc0,0.48267622461170845
row_3e2fc13c777e9e8ab910,0.20519713261648745
row_0f3fc4175336cb3f6fae,0.8375149342891278
row_4c81bda793e9eb96c68d,0.23327359617682197
row_fb1f1a45b07d6d5ca65e,0.02374551971326165
row_400eab646e06f0fba0b3,0.6720430107526881
row_eb13ef956049a5cac8c0,0.05077658303464755
row_d9f5e5457ea3603f234a,0.8088410991636797
row_bc4caad4ec6b7edf51df,0.121415770609319
row_76c84dd1e1e2ba6be15b,0.8715651135005974
row_122d13f8efd0a9d5ca71,0.2861409796893668
row_3ee844fb7ec5b7288c49,0.1591995221027479
row_9ba02be67f1dc4b6662b,0.7365591397849464
row_6d464d0168067ad25486,0.3982974910394265
row_6e3b93c4020bc1b11906,0.09587813620071683
row_66aed946f997d6d6a28a,0.7936081242532856
row_d3b5b2ff7f1124db97be,0.08646953405017921
row_f3223c70e5b59489eac9,0.5609318996415771
row_34dbbe022caae64fc97f,0.3070489844683393
row_5a01f3378807125ad88b,0.5056750298685783
row_ec1815c49d4b45a5bffb,0.06705495818399045
row_b1e4320c36e5275d0f0c,0.10842293906810034
row_38a21c3006f7cc59d48a,0.18040621266427717
row_74b1e730298faee2f77e,0.6965352449223418
row_a3f75ce1600001740f20,0.8754480286738352
row_d6d2b1fff3eebecd2c65,0.20430107526881722
row_cd3f62f62f8845fae5ae,0.16845878136200718
row_14c138aa412cda80c377,0.142921146953405
row_539e1b37cd1ab930c18f,0.8476702508960573
row_ff48290d483741ea6f02,0.1448626045400239
row_a6043ff8f1af6ba7a8b3,0.7513440860215054
row_237b11e489aa73dc9ab8,0.03942652329749104
row_a6a14f4943103c67727c,0.14814814814814817
row_e6fadb214080b4e32213,0.37275985663082434
row_ca69ef7050ee2ff9d96e,0.9135304659498207
row_5834b141a36ac63caa98,0.6774193548387096
row_2621248dcde0a1d69e8b,0.6173835125448028
row_49192dae1424d3307fb2,0.12216248506571087
row_c35977b6df1857f1075e,0.6302270011947432
row_9fbc314ed92603cac6d8,0.17861409796893668
row_6b7047a47e131f75df98,0.3437873357228196
row_2d17bb8ae3e0eaabaef7,0.22371565113500594
row_dfb2e4ca54e4a7e99cad,0.18563321385902032
row_ce8b02832dc4c079e72d,0.8691756272401433
row_134abe3c552311e55ddf,0.7667264038231779
row_8f27cab46ff1fd951464,0.7111708482676224
row_06fd8c54a208d13b1743,0.13724611708482679
row_fbbf655e84c27a8bf1b7,0.2819593787335723
row_5e5ea4f0f657123a01e4,0.5698924731182796
row_a0fb6c282cc60fb5ac2b,0.4495221027479092
row_773e2e5b9e773fb907a6,0.1623357228195938
row_89014cb9a0fed5ff49e2,0.6200716845878136
row_383e19591a0055e8a6cc,0.11529271206690561
row_73137cb454c765f887da,0.24193548387096775
row_4421f636ac082276bf1b,0.9005376344086021
row_9ac3ccd0f68d02edd3fa,0.1526284348864994
row_48e8ad162f3cc5f87a94,0.2661290322580645
row_019ae1c16145ab1a58f7,0.9598267622461171
row_f4fcc934d4471d5c7a65,0.07228195937873358
row_84f0b472e91df3384602,0.8700716845878137
row_ce042719a0297603fae8,0.6611409796893667
row_36a3a907620adf71603a,0.4583333333333333
row_ddade10296e064bf31ca,0.8629032258064516
row_3d188ac39e9b410044b6,0.7661290322580645
row_2e6e917a802e2ff09b53,0.08288530465949821
row_5ef1fbac81564ab4a05b,0.8959080047789726
row_8067585b34d9d496046c,0.37694145758661884
row_8a33ca0375f2446789f2,0.607078853046595
row_ced6410a321127b8b000,0.6415770609318996
row_9961ef4de671ed34d5a1,0.06795101553166069
row_e973f99393c8376352b6,0.4946236559139785
row_f650a480fabd58be7a7d,0.34617682198327354
row_b988cd976cb90faf64c2,0.03345280764635603
row_30ffbd492a79a3af8fea,0.5265830346475507
row_7321f001d532c719174e,0.16950418160095582
row_86d4c07275f97ab433b8,0.2502986857825567
row_f8232c50b9595d5b2fee,0.0534647550776583
row_f0e63cbc136c2b6d9ba3,0.1801075268817204
row_a624333c9810b4a526af,0.5746714456391876
row_2461ed4cf84f57b48524,0.904868578255675
row_3ea2cc237b651e560928,0.7025089605734767
row_08052600003a5b0c981e,0.5546594982078853
row_230059df8749e3df288f,0.23461768219832735
row_ac5d20a850a602b1042a,0.17532855436081243
row_d6f10e6df40c67350225,0.5164277180406213
row_9ce3e74ae753ed873ca8,0.23476702508960576
row_6e9a32b814ed4cc79536,0.1341099163679809
row_f23caf4684b63345cc02,0.760752688172043
row_38661618e1ce9ccbffaf,0.8578255675029869
row_e15c3421de284a1712c1,0.300179211469534
row_b4fc7729f4055c901c44,0.5221027479091995
row_8230f26fdbcfc514155f,0.5893070489844683
row_fa44277b661355a5e113,0.9686379928315412
row_20c2f314152b6e8ca3ec,0.10364396654719236
row_9b6817cffc7886e23547,0.9599761051373954
row_6fc3c8ae5d36f788c089,0.9335424133811231
row_48d7870be1831ef111a0,0.9051672640382318
row_6864ce93d3703268e9cb,0.07795698924731183
row_9a1de9b008e8b115635d,0.32571684587813626
row_99802d27c92cb333f1dc,0.14934289127837516
row_e79960fe326539eb7fa9,0.531063321385902
row_5effdf6676b346c0d37e,0.7604540023894862
row_cf6fb57b7433d2291077,0.10364396654719236
row_ac4445171a4455367df3,0.9221923536439665
row_b9af53e94fd17f644954,0.9190561529271206
row_7e26097ac7e93429e141,0.7885304659498207
row_3fa3d17bf8e5611d007a,0.5645161290322581
row_c93a15ff258d49e15e01,0.17562724014336917
row_b4958796e977b1842251,0.5672043010752689
row_3492e2ba5101423202d8,0.5077658303464755
row_04d4a73f7974c02f9541,0.9635603345280764
row_733bb36a532732c300e6,0.9221923536439665
row_e1300b843c180f9a4dc7,0.8781362007168458
row_a6fb96825116939e5bb5,0.18817204301075266
row_1b1b496529ffb1a2e36a,0.5140382317801673
row_36d740b67814a391a23a,0.9822281959378732
row_6120c074afce984333e8,0.05286738351254481
row_9c3eb7504e0a97555703,0.8354241338112306
row_26471be34ba319f181cc,0.9762544802867383
row_1c04436f7498b63fe302,0.9520609318996415
row_325de9f0683b6aeda5ac,0.005077658303464755
row_2be09243d046ef6eea88,0.632616487455197
row_c2060ecee1a2f1440e40,0.4841696535244922
row_a3b56ba56ec889ff1a4c,0.6136499402628434
row_564c78eb1f3445dd8b06,0.9387694145758663
row_3da4122315e1835021c6,0.5800477897252091
row_8b9b4b30ac0373db5523,0.9259259259259259
row_dcf51962f5c7abef25e0,0.037037037037037035
row_0273f86f81afa0f56314,0.7876344086021505
row_fa670e9014cd7797ec75,0.2408900836320191
row_9f225db49d1dd43d2604,0.698626045400239
row_f5a104a1567868c3d688,0.05973715651135006
row_040220c74a5942a0c1fc,0.05197132616487455
row_5551b4f40833085d5cf1,0.7096774193548386
row_789be050a29ffae19695,0.41457586618876946
row_3ce00d424a08e9461242,0.0516726403823178
row_e94ef0cfe0335ecec21f,0.28106332138590207
row_0b3bd7ec2daca1e92253,0.05779569892473119
row_2113c1f16f235caf3909,0.4638590203106332
row_bd42557421622a13b4c8,0.2114695340501792
row_7f0ea6ff2c0d233357e7,0.9284647550776582
row_60e3255723adce6d8990,0.693100358422939
row_699c440a0f60ff3a5111,0.9732676224611708
row_fb8a6478d1f6a19c26fc,0.33617084826762245
row_669f09f6f4abc2961298,0.6810035842293907
row_dfc25221782011ba13d9,0.35842293906810035
row_b19f6bf4bcb566eb1045,0.42353643966547194
row_cb9da1f4586519f18b80,0.05675029868578255
row_298840a473a0b75645eb,0.36842891278375145
row_68706049ef7521d5027c,0.19324970131421745
row_bed52e8ad298c18f5fd6,0.43847072879330945
row_a2e11fbd8b405647167c,0.2951015531660693
row_f2802cb6ff0da9a47129,0.522700119474313
row_b11fe8dce89d615e1435,0.5949820788530465
row_df719704bdf65414197e,0.489247311827957
row_7a22096f1cbacb2f7f04,0.4626642771804062
row_2fa2461e1015e1741c50,0.8479689366786141
row_5ca7b10eb814846aa005,0.5307646356033452
row_1fc8fb9e2e3f1a8281f1,0.08632019115890084
row_7c4d6abcedd1495c1f4b,0.4431003584229391
row_2e7ab21c40b1560e6921,0.8019713261648745
row_a370bde89c02b8ee84e3,0.9044205495818399
row_2278554ff1006468a674,0.7625448028673835
row_37d0333951288b10b4c7,0.67831541218638
row_c876d381109b865d8617,0.5330047789725209
row_60747c61036607a445ce,0.8231780167264038
row_91276d6e324f319cd1d2,0.40173237753882923
row_90515437a4c4abf16db6,0.09811827956989248
row_c3d035b5b431d6ca7d6d,0.19041218637992832
row_1026e66f367bcb6b4172,0.28345280764635605
row_2a32d09c73b4e061d927,0.5113500597371565
row_c5115b6e0d7450dcd1f1,0.8847072879330944
row_603e19ed5f3721537c51,0.17921146953405018
row_bf857a101eb4ca723a3d,0.7852449223416965
row_55601b3db71fcc4b38ed,0.5534647550776582
row_1d807796f3caa6c32d3d,0.6983273596176822
row_6e4539f7ce734c727d25,0.5197132616487455
row_b594f253d3011a70276d,0.5397252090800478
row_1487ee3f73a87de64b4a,0.1478494623655914
row_4a25add003c0dd2582a1,0.22072879330943848
row_10af33f519fe50af2a5d,0.5456989247311828
row_7fc297f219c2f1df7e76,0.043309438470728795
row_08e486f3b1276c3218d5,0.3791816009557945
row_54b93580fdf440ce2d7d,0.19668458781362008
row_632bfc1fff24ebc7653a,0.1460573476702509
row_5f3085a534db543e2ccb,0.5200119474313022
row_1b6ab6f5e102d7083dd1,0.4014336917562724
row_31b8a75564d78853a4b7,0.21266427718040623
row_57d5c8572b29d8fa7c4c,0.9265232974910393
row_5fd905a7247060f0e6fe,0.9416069295101552
row_3017d881b71dc55ba282,0.8207885304659498
row_71a7804db7608867980e,0.5394265232974911
row_04ea4dbde80b47fe11e6,0.8697729988052569
row_c501303c90211392b86d,0.04734169653524492
row_b77389e47532ca73b1c1,0.10215053763440861
row_d148473febb3dfff03af,0.8334826762246118
row_c9de3297c1176e94710f,0.37843488649940266
row_74d6bb470187c09165f4,0.7219235364396654
row_d9669fef58988e21108c,0.1123058542413381
row_96ead9af77036639fcfa,0.32063918757467147
row_458b113b91c4998dd5c9,0.9227897252090801
row_3db7dc1744c4c1b65137,0.5564516129032259
row_799f06c3bcb384f177be,0.11589008363201912
row_7a9908572dc4abb04bc4,0.8154121863799283
row_e17d7f0bd56abdde6ab9,0.43399044205495824
row_dd7635825ebb053fcc05,0.42891278375149344
row_2ab48650f43424011ef3,0.28927718040621264
row_6bf90e8ad49bcc0cc5f4,0.4381720430107527
row_b67b0c3d5d2e16ea5afe,0.3599163679808841
row_5256476c7c31fa72e030,0.32915173237753886
row_d3a86f855c6e237d0111,0.7641875746714457
row_ac462a4a9026c762d357,0.08422939068100359
row_b6a46ad593a398f7eab0,0.4967144563918758
row_74626550deedfc740dc4,0.7040023894862605
row_2289879fb1ee720d60d1,0.09139784946236558
row_ef3e47e3ebd03e8d8019,0.6980286738351255
row_d54e63b601a5db236338,0.8826164874551972
row_e0ca2040402ed81ce868,0.8533452807646356
row_5d9941da3d4374075617,0.6723416965352449
row_7f5e8bde52ea78efacde,0.7879330943847073
row_f5ef357484eba08ababe,0.32945041816009557
row_9f7b0c73f7d001ba6d82,0.48879928315412186
row_daf728963258a268437d,0.20340501792114696
row_fdc3470d0add877e85d4,0.9183094384707288
row_813a2256d81227b8218d,0.7437275985663083
row_5eb49bc6be5a001e6ec1,0.6499402628434887
row_c31608dd3a76a21b232f,0.06123058542413381
row_56382c02a8f9aa153e60,0.7186379928315412
row_0d70efa55f14242be380,0.018518518518518517
row_f13f9a41c43ae76931ca,0.5159796893667862
row_3dba2610c9d1d7fe4d83,0.8563321385902031
row_544cae27b1185f1bb911,0.1347072879330944
row_fcdd1dfb84681c730beb,0.689068100358423
row_48134385d4102260565f,0.6373954599761051
row_72518f9a31e920360655,0.11170848267622462
row_0542691b6b3bb8d8ee7f,0.6738351254480287
row_5598e9ff8256445d82ae,0.026284348864994023
row_03ac8ee99dcbf34c375f,0.9174133811230586
row_a4a97461fdbc08ccd3c3,0.3903823178016726
row_5ee9266ab9f683554394,0.07974910394265233
row_cc7a1f75491a9992b9b2,0.21356033452807646
row_4344ad59fa42722e397e,0.0793010752688172
row_8d11168e9f25362db1f4,0.9445937873357227
row_2dda237a1d1e14efa2ce,0.39336917562724016
row_64102ddaae0e01ee99d4,0.9353345280764636
row_f0e3252564a1612cfebe,0.14934289127837516
row_293ad759b36c0545b3ca,0.45310633213859025
row_b91b2cb5f023293f10ff,0.6795101553166069
row_30428526f6cf6188ba03,0.7162485065710872
row_6ea92da970f70a9e7de0,0.3419952210274791
row_c46a114f6b6656afd0be,0.07915173237753882
row_bff497c6ea16f554c1a3,0.03763440860215054
row_785feea6286b34bf1242,0.1923536439665472
row_8ad6fdf8952692179b73,0.25194145758661884
row_2e140e77ed96281e0e07,0.8669354838709676
row_b363e2db9be312afdf3d,0.9223416965352449
row_1f25faf7c226dafd264a,0.7771804062126643
row_c55b6ec0ee716d8d12f0,0.4366786140979689
row_be3c7780d6352fc3a031,0.20878136200716846
row_b2c55966b22551faf50f,0.9439964157706093
row_3480b174a324a557b178,0.8561827956989246
row_855a578d9906155298b5,0.26956391875746716
row_2379f0bda2fae76c515f,0.03658900836320191
row_dc0b927cd8e6a38ccb9a,0.8139187574671446
row_f901a83907440c896e5d,0.5949820788530467
row_75bf6edf78332cf33cec,0.3924731182795698
row_c1b70859123f35695a8c,0.4348864994026284
row_f684c6778f692e7a3895,0.1801075268817204
row_7984596a403d6590607a,0.3067502986857826
row_77f331d4be66a2781c63,0.4566905615292713
row_979970f72c28073f49df,0.9471326164874552
row_a1da7ae8b6b7ddb863fb,0.7598566308243727
row_aa0125bcf0cdd2fc7b84,0.5451015531660693
row_263812ec575a8ab2cd39,0.3142174432497013
row_cbc6340979c274193904,0.7667264038231779
row_a7fbee4c3d0bea892824,0.4516129032258065
row_7f67e32e14f10b24d81f,0.495221027479092
row_0ab890b42652aae4ac33,0.6496415770609318
row_7b9050c5356951e16d5c,0.043160095579450414
row_498ae1552f26f8cd6578,0.1105137395459976
row_047a88b0b43a29b43bbd,0.8517025089605735
row_5e110cf1257b17722455,0.4056152927120669
row_208ef9958a2085ea4ee5,0.9154719235364398
row_2b9235269a7dfc09046b,0.27986857825567507
row_dbd8823bfa773a19a37a,0.7574671445639187
row_8a46d3f939a263153a11,0.8896356033452807
row_278533a37bfdffb7d8b3,0.5477897252090801
row_b28df8bc7277b73edefa,0.9756571087216249
row_71564d9de6690d52dfa5,0.28912783751493426
row_f205323c906317a55b74,0.16248506571087218
row_d0cb3d67b17bd1cb4c94,0.5804958183990442
row_cea68cb90598d485258c,0.896057347670251
row_e3e9e4ffd3434f484fc4,0.6821983273596177
row_e86a1e4a608046a0f684,0.10902031063321387
row_374350be0065a9378166,0.53584229390681
row_8edc9a97d54bffe711af,0.291816009557945
row_d98f752aa5392a3d259f,0.09946236559139783
row_fc82c81588f875286b47,0.5415173237753883
row_23d7ef075a3deae94ac1,0.4475806451612903
row_0b9a5f01feedbd073f05,0.05884109916367981
row_a9c11ac5544b880f7772,0.4659498207885304
row_59f6d3eff1f0eb74fc22,0.028375149342891277
row_7bb54b8bcde2ae2eabbe,0.5095579450418161
row_bbc61fae9e1e9c884747,0.4375746714456392
row_f212ae0d5e82886661d1,0.33721624850657106
row_2ef554ba9d65f77e7eb8,0.9035244922341698
row_5c6394f97178e39bc135,0.5979689366786141
row_12203e533698f7e88ab0,0.4229390681003584
row_d7c64a78e035c8548f6b,0.6117084826762246
row_bad248bb336944fc83b7,0.18369175627240142
row_3b7084d8f8ed2aacb664,0.6027479091995221
row_17d0d00416eac7483ef1,0.34662485065710874
row_3682f01bc71215db7e44,0.05122461170848267
row_ee1fa81198fe4d2b1b03,0.8357228195937872
row_e05db2017aacdf6a694f,0.47371565113500597
row_5a3d93183b328e1b8fbf,0.5146356033452807
row_1e934bfc0242ba538597,0.617383512544803
row_99a5ca198d3e8ff3d820,0.9172640382317803
row_65af7ceaf28f2bdc7b2b,0.7066905615292712
row_da8d516187d2e9443c0a,0.07377538829151732
row_8da3a793d089d9c10f2c,0.8055555555555555
row_ed302f5107449855a845,0.06302270011947432
row_efa19f253bb7c0c4c76c,0.9442951015531661
row_1a770cc9dd1956fbdef1,0.21983273596176822
row_d515008805626ec0780d,0.3706690561529271
row_09a885bbe29e1f1631b9,0.2765830346475508
row_b436adc413a68509436d,0.9118876941457588
row_7097e896bdb3749c668a,0.8488649940262842
row_916328f648ca209fee18,0.8545400238948626
row_bef79bcbe4ce3735561f,0.19802867383512546
row_b86ed0bfa804e6edcfed,0.5600358422939068
row_8b24c31a67ba4bfe6ab0,0.7072879330943848
row_ff129cb23270c37404ba,0.26105137395459976
row_3ca93b5fc94ff19685c5,0.7305854241338112
row_9812689289cb7a4500af,0.3303464755077658
row_2b84d10c553d0e45fd23,0.14725209080047788
row_4d1d2373e4eaf648d726,0.7270011947431302
row_116dac28971f6d4be7c9,0.22252090800477897
row_dd823a9611fafdffe73e,0.35125448028673834
row_cc7a168c82dffa0e7402,0.48267622461170845
row_4434cc627b689a9966b8,0.4366786140979689
row_c11f433236ecb251417b,0.7744922341696535
row_5849073a9fca60468567,0.9138291517323776
row_480eab522b8d7ed2abbc,0.025089605734767026
row_3ac93a57a584637034cd,0.6798088410991637
row_9843a200b2428f710510,0.5068697729988053
row_118118a02dede49529df,0.03300477897252091
row_cb9bd67b6acde9049043,0.8231780167264038
row_369c54107bcdfc53ef06,0.7210274790919953
row_318d5ceac971fdef95d8,0.40740740740740744
row_8605d43690430d996589,0.2574671445639188
row_92cdc803ea125680ae4c,0.5845280764635603
row_21046c3a0bd97007dfc5,0.5552568697729988
row_a775dc429602e68b69c9,0.4528076463560335
row_b674e0be42ea833eaa5f,0.4259259259259259
row_0fdba6a5b4c163c126ed,0.5698924731182796
row_f1ce312e819f92f9f68e,0.9604241338112306
row_b21fc0532b76245fe6e0,0.360663082437276
row_3dbcf5d2d542eae0fa76,0.3739545997610514
row_f2155b710fa073090725,0.8987455197132617
row_02cdfa11f620f4d909f8,0.1851851851851852
row_b22df4c0470af7961d38,0.2120669056152927
row_d20b64d644c242aff6db,0.8627538829151732
row_fe0c46306b201bf8ada6,0.23357228195937874
row_7f237b1cb1534f950f68,0.9196535244922343
row_701ea6294f117132a6cf,0.11260454002389488
row_1dc1161e76dd43b37e66,0.010155316606929511
row_45e6ead797a565e96a34,0.23416965352449223
row_dcdd451bbcbb4d5e5f0c,0.6905615292712067
row_5ed7f12ea02224a18760,0.49910394265232977
row_5ef94bb7026a77a2c3fd,0.778673835125448
row_94cf1a18d9270a8d1222,0.3446833930704898
row_d0e9b06669494c9b8ec7,0.9604241338112306
row_8d33131eed546a1b4643,0.4644563918757467
row_690514c12ff7dd009fb8,0.9526583034647551
row_da4f92d8ebd0c65f602b,0.27060931899641577
row_c781b27f837d347b6579,0.44295101553166066
row_28efe01a62f84852129c,0.10767622461170849
row_4969abda3c2c9aa9d7f5,0.3745519713261649
row_5b0ac4e74809ec19953a,0.37156511350059734
row_95924f59ccf548160107,0.7407407407407408
row_b429bb8268a66d35d1d5,0.772700119474313
row_fab0ecff1fe0fa7d4ef7,0.6370967741935484
row_6a7aa4fcaf22ea6f615b,0.5029868578255675
row_b1215fedee4b1d9a99d8,0.8630525686977301
row_a2c23ecde8bd02ec3ac0,0.5182198327359617
row_52aea0e13fec50a07431,0.5376344086021505
row_f446a1eea59bc3191aa2,0.8399044205495819
row_f784eb89d61bc2b79003,0.029868578255675033
row_231a4639beb8c286f357,0.527479091995221
row_6e7b268958746b110405,0.3410991636798088
row_b039da3d531c531ffa1e,0.6795101553166069
row_22946c2c746ebf7e7e43,0.520310633213859
row_c2fd5b77904a35ecdee2,0.37694145758661884
row_724d40633c989cc52c91,0.9716248506571087
row_44f6f1eb63dc6f16098c,0.8788829151732377
row_5ce2429caca67d5fbedd,0.5256869772998806
row_016e8bf851942f7072b6,0.8724611708482676
row_66840a408ddca6b47efb,0.31451612903225806
row_d66a90186fe3ab9a02fc,0.9672939068100358
row_495bb0dc3057195f0157,0.7918160095579451
row_9d774b42242104fd53c6,0.6923536439665471
row_0cbaa9fbc5c17cd375ed,0.2824074074074074
row_85a93ec70e8129da3426,0.9666965352449224
row_b2383d6a7edf318296d1,0.18667861409796893
row_be0f8a87dddd5723826b,0.20967741935483872
row_a85c33c0d31a251912f0,0.551373954599761
row_e67b85031ed2b84a0340,0.37216248506571087
row_acdf28670d618ad5607d,0.20280764635603346
row_86aeb56d61cab465369a,0.4384707287933094
row_402370a9d7f344293c99,0.8627538829151732
row_595dc70c85b0e3b15745,0.5633213859020311
row_395a0fe1a6b1d0c1fa75,0.9402628434886499
row_0e1a65fb59d4b19f8261,0.44175627240143367
row_6382c5810e3f598ef5bb,0.2066905615292712
row_dd6f9aba76c3e76f4d12,0.34557945041816013
row_62b33a3ea1b10921a575,0.4017323775388291
row_38292815de4542277371,0.7580645161290324
row_40c9c41b89c671033634,0.053763440860215055
row_84f5fb5068a472028d1b,0.18727598566308246
row_d21553baa60e8ff7fa08,0.17756869772998804
row_e6d62d56711dd9321416,0.705794504181601
row_abd30264aaa981930970,0.4690860215053763
row_58d97454befb20f643a8,0.06182795698924731
row_f6a061b83723ad26d2ca,0.6484468339307049
row_a2cf97f6166b255f097c,0.5200119474313023
row_7db3b0b70f70caa44249,0.028375149342891277
row_7e711d8324567da6a49e,0.8950119474313022
row_4e5c0088c2a1c4b30d3a,0.20101553166069294
row_860672bd0a082aa53802,0.9091995221027479
row_67b493f3cc95e25d36eb,0.9834229390681003
row_45c4ef39453ffaf4c472,0.6239545997610514
row_1c1072eb1567479ace0d,0.3195937873357228
row_c338d223011ce1ef309b,0.36917562724014336
row_c4078753b1b7a6ff5135,0.7272998805256871
row_9ce4bcaed1cf848d4fa0,0.0540621266427718
row_8f97ced5beee6365c217,0.6036439665471923
row_cdda87f79c2f1eaefad6,0.26209677419354843
row_91b8d3a5b64aa4ec5991,0.24432497013142174
row_b2e24d9658b7b29aaa23,0.9078554360812426
row_59b33b6322ea850e4a6d,0.8932198327359617
row_7457f349856855c17d74,0.05361409796893668
row_7a87a413ecbe0c900a59,0.34139784946236557
row_7526f494fe044bec0e49,0.796594982078853
row_fdbdbdf707bf2c05b0a7,0.522700119474313
row_22cbdc83ec19c4e4fb6a,0.5280764635603346
row_25a6063bf74ce39c7c57,0.7096774193548389
row_fa21d39885e664bb0873,0.6523297491039427
row_3ba850b5200a628582d8,0.6439665471923536
row_6f76d7330e2466699938,0.9447431302270012
row_1486ed19c77464bcd594,0.8228793309438472
row_ca3cfe39c54b977d0576,0.23267622461170848
row_22aee96248f9afef4956,0.6580047789725209
row_1e4daee4cba6f2e7662c,0.2971923536439665
row_f63cfcf2ae9f1eb0eea3,0.742831541218638
row_c25a1babf4913b65c529,0.38829151732377537
row_aae9458df28968385a5f,0.6539725209080048
row_685e8fef79d6545fd7a5,0.5937873357228196
row_327b2a5b8145a8f784c6,0.6054360812425329
row_ccba6aa265e669d44137,0.22670250896057345
row_fef69570573125fd0ceb,0.2565710872162485
row_8db90b832bb2dbd27ab0,0.9419056152927121
row_aac8c25356f74f172cb4,0.3706690561529271
row_ec79caffedc168372e6e,0.45758661887694146
row_0e301f3dd69ee2265d4a,0.5773596176821983
row_db17e279a17e7c81b833,0.9493727598566308
row_0a0f890595ae4bfced8f,0.08273596176821983
row_15a314638012ee7fb571,0.5119474313022699
row_61f9bf1b4db330ad8543,0.041816009557945046
row_854c3273077faabe5b89,0.6526284348864994
row_b17371e8752e66db9377,0.8031660692951016
row_9ae28c43154b965ae778,0.2658303464755078
row_6b6c54be123abc4e4dec,0.27180406212664276
row_c6cc6fa6ea9751ca370b,0.5704898446833931
row_425ae32559ceae811828,0.495221027479092
row_f011dda92478d9946234,0.7468637992831542
row_55c5b406308f6da3b625,0.9489247311827956
row_75a1094268099a92d57a,0.5409199522102748
row_79988fb07075d2bddb84,0.6060334528076464
row_ec6befc34b43f5083a50,0.6042413381123058
row_defddc71c2c54d981cf7,0.13620071684587817
row_7ff57e7c5f7bd2b96686,0.6720430107526881
row_48fa17b14e0ca3962914,0.7891278375149343
row_427b0d2644163460f9f2,0.9316009557945041
row_18833bbf81d5a9030ed3,0.716547192353644
row_e241c1b316b55fe3c1bd,0.09976105137395459
row_9909d72450ec5ec98adf,0.35692951015531654
row_a696a961f763349ce512,0.36111111111111116
row_e3b6d44b17d50b1c4651,0.6202210274790919
row_8e3c2e2fec78c6c571b9,0.5391278375149343
row_5b7381f51c941d1ab7e5,0.7419354838709676
row_4f68f06c656da7a087a3,0.3163082437275985
row_104ac9c679e1607018d7,0.6630824372759857
row_4bc1c019bb9e5c289889,0.7189366786140979
row_142a5a90c49d3f11993a,0.6675627240143368
row_bc0491a94a16cffd7ad0,0.7538829151732377
row_cd4a11fa653fb6833bb4,0.8881421744324971
row_cf61acdf340d40e01df6,0.6257467144563919
row_3de5f06f0324e622a5f1,0.4841696535244922
row_bad565193cfa2758ba6d,0.9008363201911589
